/*
 * SPDX-License-Identifier: BSD-3-Clause
 *
 * Copyright (c) 2026 nILS Podewski
 *
 * This file is part of the copingTracker firmware
 */

#pragma once

#include <stdint.h>

enum DocumentationId { docIdGeneral, docIdCommands, docIdInstruments, docIdButtons, docIdCredits, docIdCount };

static const uint8_t DOC_GENERAL[] = {
    0xF0, 0x20, 0xF0, 0x20, 0xF0, 0x20, 0xF0, 0x42, 0xF0, 0x6C, 0xF0, 0x61, 0xF0, 0x63, 0xF0, 0x6B, 0x70, 0x20, 0x70,
    0x20, 0x70, 0x20, 0x70, 0x20, 0x70, 0x20, 0x70, 0x20, 0xF8, 0x20, 0xF8, 0x20, 0x70, 0x20, 0xF0, 0x47, 0xF0, 0x72,
    0xF0, 0x61, 0xF0, 0x79, 0x70, 0x20, 0x70, 0x20, 0x70, 0x20, 0x70, 0x20, 0x70, 0x20, 0x70, 0x20, 0x70, 0x20, 0x70,
    0x20, 0x70, 0x20, 0x44, 0x20, 0x44, 0x20, 0x70, 0x20, 0xF0, 0x42, 0xF0, 0x6C, 0xF0, 0x75, 0xF0, 0x65, 0x70, 0x20,
    0x70, 0x20, 0x70, 0x20, 0x70, 0x20, 0x70, 0x20, 0x70, 0x20, 0x70, 0x20, 0x4C, 0x20, 0x4C, 0x20, 0x70, 0x20, 0xF0,
    0x4C, 0xF0, 0x69, 0xF0, 0x67, 0xF0, 0x68, 0xF0, 0x74, 0xF0, 0x20, 0xF0, 0x42, 0xF0, 0x6C, 0xF0, 0x75, 0xF0, 0x65,
    0x70, 0x20, 0x70, 0x20, 0x70, 0x20, 0x42, 0x20, 0x42, 0x20, 0x70, 0x20, 0xF0, 0x47, 0xF0, 0x72, 0xF0, 0x65, 0xF0,
    0x65, 0xF0, 0x6E, 0x70, 0x20, 0x70, 0x20, 0x70, 0x20, 0x70, 0x20, 0x70, 0x20, 0x70, 0x20, 0x4A, 0x20, 0x4A, 0x20,
    0x70, 0x20, 0xF0, 0x4C, 0xF0, 0x69, 0xF0, 0x6D, 0xF0, 0x65, 0x70, 0x20, 0x70, 0x20, 0x70, 0x20, 0x70, 0x20, 0x70,
    0x20, 0x70, 0x20, 0x70, 0x20, 0x70, 0x20, 0x70, 0x20, 0x46, 0x20, 0x46, 0x20, 0x70, 0x20, 0xF0, 0x54, 0xF0, 0x65,
    0xF0, 0x61, 0xF0, 0x6C, 0x70, 0x20, 0x70, 0x20, 0x70, 0x20, 0x70, 0x20, 0x70, 0x20, 0x70, 0x20, 0x70, 0x20, 0x4E,
    0x20, 0x4E, 0x20, 0x70, 0x20, 0xF0, 0x41, 0xF0, 0x71, 0xF0, 0x75, 0xF0, 0x61, 0x70, 0x20, 0x70, 0x20, 0x70, 0x20,
    0x70, 0x20, 0x70, 0x20, 0x70, 0x20, 0x70, 0x20, 0x70, 0x20, 0x70, 0x20, 0x41, 0x20, 0x41, 0x20, 0x70, 0x20, 0xF0,
    0x4D, 0xF0, 0x61, 0xF0, 0x72, 0xF0, 0x6F, 0xF0, 0x6F, 0xF0, 0x6E, 0x70, 0x20, 0x70, 0x20, 0x70, 0x20, 0x70, 0x20,
    0x70, 0x20, 0x49, 0x20, 0x49, 0x20, 0x70, 0x20, 0xF0, 0x52, 0xF0, 0x65, 0xF0, 0x64, 0xF0, 0x20, 0x70, 0x20, 0x70,
    0x20, 0x70, 0x20, 0x70, 0x20, 0x70, 0x20, 0x70, 0x20, 0x70, 0x20, 0x70, 0x20, 0x70, 0x20, 0x45, 0x20, 0x45, 0x20,
    0x70, 0x20, 0xF0, 0x50, 0xF0, 0x75, 0xF0, 0x72, 0xF0, 0x70, 0xF0, 0x6C, 0xF0, 0x65, 0x70, 0x20, 0x70, 0x20, 0x70,
    0x20, 0x70, 0x20, 0x70, 0x20, 0x4D, 0x20, 0x4D, 0x20, 0x70, 0x20, 0xF0, 0x4D, 0xF0, 0x61, 0xF0, 0x67, 0xF0, 0x65,
    0xF0, 0x6E, 0xF0, 0x74, 0xF0, 0x61, 0x70, 0x20, 0x70, 0x20, 0x70, 0x20, 0x70, 0x20, 0x70, 0x20, 0x70, 0x20, 0x43,
    0x20, 0x43, 0x20, 0x70, 0x20, 0xF0, 0x4F, 0xF0, 0x72, 0xF0, 0x61, 0xF0, 0x6E, 0xF0, 0x67, 0xF0, 0x65, 0x70, 0x20,
    0x70, 0x20, 0x70, 0x20, 0x70, 0x20, 0x70, 0x20, 0x4B, 0x20, 0x4B, 0x20, 0x70, 0x20, 0xF0, 0x59, 0xF0, 0x65, 0xF0,
    0x6C, 0xF0, 0x6C, 0xF0, 0x6F, 0xF0, 0x77, 0x70, 0x20, 0x70, 0x20, 0x70, 0x20, 0x70, 0x20, 0x70, 0x20, 0x70, 0x20,
    0x70, 0x20, 0xF7, 0x20, 0xF7, 0x20, 0x70, 0x20, 0xF0, 0x53, 0xF0, 0x69, 0xF0, 0x6C, 0xF0, 0x76, 0xF0, 0x65, 0xF0,
    0x72, 0x70, 0x20, 0x70, 0x20, 0x70, 0x20, 0x70, 0x20, 0x70, 0x20, 0x4F, 0x20, 0x4F, 0x20, 0x70, 0x20, 0xF0, 0x57,
    0xF0, 0x68, 0xF0, 0x69, 0xF0, 0x74, 0xF0, 0x65, 0x70, 0x20, 0x70, 0x20, 0x70, 0x20, 0x70, 0x20, 0x70, 0x20, 0x70,
    0x20, 0x70, 0x20, 0x70, 0x20, 0x70, 0x20, 0x70, 0x20, 0x70, 0x20, 0x70, 0x20, 0x70, 0x20, 0x70, 0x20, 0x70, 0x20,
    0x70, 0x20, 0x70, 0x20, 0x70, 0x20, 0x70, 0x20, 0x70, 0x20, 0x70, 0x20, 0x70, 0x20, 0x70, 0x20, 0x70, 0x20, 0x70,
    0x20, 0x70, 0x20, 0x70, 0x20, 0x70, 0x20, 0x70, 0x20, 0x70, 0x20, 0x70, 0x20, 0x70, 0x20, 0x70, 0x20, 0x70, 0x20,
    0x70, 0x20, 0x70, 0x20, 0x70, 0x20, 0x70, 0x20, 0xFC, 0x20, 0xFC, 0x57, 0xFC, 0x45, 0xFC, 0x4C, 0xFC, 0x43, 0xFC,
    0x4F, 0xFC, 0x4D, 0xFC, 0x45, 0xFC, 0x20, 0xFC, 0x20, 0xFC, 0x20, 0xFC, 0x20, 0xFC, 0x20, 0xFC, 0x20, 0xFC, 0x20,
    0xFC, 0x20, 0xFC, 0x20, 0xFC, 0x20, 0xFC, 0x20, 0xFC, 0x20, 0xFC, 0x20, 0xFC, 0x20, 0xFC, 0x20, 0xFC, 0x20, 0xFC,
    0x20, 0xFC, 0x20, 0xFC, 0x20, 0xC0, 0xB2, 0xC0, 0xB1, 0xC0, 0xB0, 0x70, 0x20, 0x70, 0x20, 0x70, 0x20, 0x70, 0x20,
    0x70, 0x20, 0x70, 0x20, 0x70, 0x20, 0x70, 0x20, 0x70, 0x20, 0x70, 0x20, 0x70, 0x20, 0x70, 0x20, 0x70, 0x20, 0x70,
    0x20, 0x70, 0x20, 0x70, 0x20, 0x70, 0x20, 0x70, 0x20, 0x70, 0x20, 0x70, 0x20, 0x70, 0x20, 0x70, 0x20, 0x70, 0x20,
    0x70, 0x20, 0x70, 0x20, 0x70, 0x20, 0x70, 0x20, 0x70, 0x20, 0x70, 0x20, 0x70, 0x20, 0x70, 0x57, 0x70, 0x65, 0x70,
    0x6C, 0x70, 0x63, 0x70, 0x6F, 0x70, 0x6D, 0x70, 0x65, 0x70, 0x20, 0x70, 0x74, 0x70, 0x6F, 0x70, 0x20, 0x70, 0x63,
    0x70, 0x6F, 0x70, 0x70, 0x70, 0x69, 0x70, 0x6E, 0x70, 0x67, 0x70, 0x54, 0x70, 0x72, 0x70, 0x61, 0x70, 0x63, 0x70,
    0x6B, 0x70, 0x65, 0x70, 0x72, 0x70, 0x2C, 0x70, 0x20, 0x70, 0x61, 0x70, 0x20, 0x70, 0x20, 0x70, 0x20, 0x70, 0x73,
    0x70, 0x6D, 0x70, 0x61, 0x70, 0x6C, 0x70, 0x6C, 0x70, 0x2C, 0x70, 0x20, 0x70, 0x70, 0x70, 0x6F, 0x70, 0x72, 0x70,
    0x74, 0x70, 0x61, 0x70, 0x62, 0x70, 0x6C, 0x70, 0x65, 0x70, 0x20, 0x70, 0x6D, 0x70, 0x75, 0x70, 0x73, 0x70, 0x69,
    0x70, 0x63, 0x70, 0x20, 0x70, 0x6D, 0x70, 0x61, 0x70, 0x6B, 0x70, 0x69, 0x70, 0x6E, 0x70, 0x67, 0x70, 0x20, 0x70,
    0x20, 0x70, 0x64, 0x70, 0x65, 0x70, 0x76, 0x70, 0x69, 0x70, 0x63, 0x70, 0x65, 0x70, 0x20, 0x70, 0x62, 0x70, 0x61,
    0x70, 0x73, 0x70, 0x65, 0x70, 0x64, 0x70, 0x20, 0x70, 0x6F, 0x70, 0x6E, 0x70, 0x20, 0x70, 0x74, 0x70, 0x68, 0x70,
    0x65, 0x70, 0x20, 0x70, 0x74, 0x70, 0x72, 0x70, 0x61, 0x70, 0x63, 0x70, 0x6B, 0x70, 0x65, 0x70, 0x72, 0x70, 0x20,
    0x70, 0x20, 0x70, 0x20, 0x70, 0x77, 0x70, 0x6F, 0x70, 0x72, 0x70, 0x6B, 0x70, 0x66, 0x70, 0x6C, 0x70, 0x6F, 0x70,
    0x77, 0x70, 0x2E, 0x70, 0x20, 0x70, 0x20, 0x70, 0x20, 0x70, 0x20, 0x70, 0x20, 0x70, 0x20, 0x70, 0x20, 0x70, 0x20,
    0x70, 0x20, 0x70, 0x20, 0x70, 0x20, 0x70, 0x20, 0x70, 0x20, 0x70, 0x20, 0x70, 0x20, 0x70, 0x20, 0x70, 0x20, 0x70,
    0x20, 0x70, 0x20, 0x70, 0x20, 0x70, 0x20, 0x70, 0x20, 0x70, 0x20, 0x70, 0x20, 0x70, 0x20, 0x70, 0x20, 0x70, 0x20,
    0x70, 0x20, 0x70, 0x20, 0x70, 0x20, 0x70, 0x20, 0x70, 0x20, 0x70, 0x20, 0x70, 0x20, 0x70, 0x20, 0x70, 0x20, 0x70,
    0x20, 0x70, 0x20, 0x70, 0x20, 0x70, 0x20, 0x70, 0x20, 0x70, 0x20, 0x70, 0x20, 0x70, 0x20, 0x70, 0x20, 0x70, 0x20,
    0x70, 0x20, 0x70, 0x20, 0x70, 0x20, 0x70, 0x20, 0x70, 0x20, 0x70, 0x42, 0x70, 0x75, 0x70, 0x74, 0x70, 0x20, 0x70,
    0x77, 0x70, 0x68, 0x70, 0x61, 0x70, 0x74, 0x70, 0x20, 0x70, 0x69, 0x70, 0x73, 0x70, 0x20, 0x70, 0x61, 0x70, 0x20,
    0x70, 0x22, 0x70, 0x74, 0x70, 0x72, 0x70, 0x61, 0x70, 0x63, 0x70, 0x6B, 0x70, 0x65, 0x70, 0x72, 0x70, 0x22, 0x70,
    0x3F, 0x70, 0x20, 0x70, 0x20, 0x70, 0x20, 0x70, 0x20, 0x70, 0x20, 0x70, 0x20, 0x70, 0x20, 0x70, 0x20, 0x70, 0x20,
    0x70, 0x20, 0x70, 0x20, 0x70, 0x20, 0x70, 0x20, 0x70, 0x20, 0x70, 0x20, 0x70, 0x20, 0x70, 0x20, 0x70, 0x20, 0x70,
    0x20, 0x70, 0x20, 0x70, 0x20, 0x70, 0x20, 0x70, 0x20, 0x70, 0x20, 0x70, 0x20, 0x70, 0x20, 0x70, 0x20, 0x70, 0x20,
    0x70, 0x20, 0x70, 0x20, 0x70, 0x20, 0x70, 0x20, 0x70, 0x20, 0x70, 0x20, 0x70, 0x20, 0x70, 0x20, 0x70, 0x54, 0x70,
    0x72, 0x70, 0x61, 0x70, 0x63, 0x70, 0x6B, 0x70, 0x65, 0x70, 0x72, 0x70, 0x73, 0x70, 0x20, 0x70, 0x61, 0x70, 0x72,
    0x70, 0x65, 0x70, 0x20, 0x70, 0x6D, 0x70, 0x75, 0x70, 0x73, 0x70, 0x69, 0x70, 0x63, 0x70, 0x20, 0x70, 0x70, 0x70,
    0x72, 0x70, 0x6F, 0x70, 0x64, 0x70, 0x75, 0x70, 0x63, 0x70, 0x74, 0x70, 0x69, 0x70, 0x6F, 0x70, 0x6E, 0x70, 0x20,
    0x70, 0x61, 0x70, 0x70, 0x70, 0x70, 0x70, 0x6C, 0x70, 0x69, 0x70, 0x63, 0x70, 0x61, 0x70, 0x74, 0x70, 0x69, 0x70,
    0x6F, 0x70, 0x6E, 0x70, 0x73, 0x70, 0x20, 0x70, 0x74, 0x70, 0x68, 0x70, 0x61, 0x70, 0x74, 0x70, 0x20, 0x70, 0x73,
    0x70, 0x74, 0x70, 0x61, 0x70, 0x72, 0x70, 0x74, 0x70, 0x65, 0x70, 0x64, 0x70, 0x20, 0x70, 0x20, 0x70, 0x20, 0x70,
    0x20, 0x70, 0x20, 0x70, 0x6C, 0x70, 0x69, 0x70, 0x66, 0x70, 0x65, 0x70, 0x20, 0x70, 0x6F, 0x70, 0x6E, 0x70, 0x20,
    0x70, 0x31, 0x70, 0x36, 0x70, 0x62, 0x70, 0x69, 0x70, 0x74, 0x70, 0x20, 0x70, 0x68, 0x70, 0x6F, 0x70, 0x6D, 0x70,
    0x65, 0x70, 0x20, 0x70, 0x63, 0x70, 0x6F, 0x70, 0x6D, 0x70, 0x70, 0x70, 0x75, 0x70, 0x74, 0x70, 0x65, 0x70, 0x72,
    0x70, 0x73, 0x70, 0x20, 0x70, 0x20, 0x70, 0x73, 0x70, 0x75, 0x70, 0x63, 0x70, 0x68, 0x70, 0x20, 0x70, 0x61, 0x70,
    0x73, 0x70, 0x20, 0x70, 0x74, 0x70, 0x68, 0x70, 0x65, 0x70, 0x20, 0x70, 0x6C, 0x70, 0x65, 0x70, 0x67, 0x70, 0x65,
    0x70, 0x6E, 0x70, 0x64, 0x70, 0x61, 0x70, 0x72, 0x70, 0x79, 0x70, 0x20, 0x70, 0x41, 0x70, 0x6D, 0x70, 0x69, 0x70,
    0x67, 0x70, 0x61, 0x70, 0x20, 0x70, 0x20, 0x70, 0x20, 0x70, 0x35, 0x70, 0x30, 0x70, 0x30, 0x70, 0x2E, 0x70, 0x20,
    0x70, 0x54, 0x70, 0x72, 0x70, 0x61, 0x70, 0x63, 0x70, 0x6B, 0x70, 0x65, 0x70, 0x72, 0x70, 0x73, 0x70, 0x20, 0x70,
    0x6C, 0x70, 0x61, 0x70, 0x74, 0x70, 0x65, 0x70, 0x72, 0x70, 0x20, 0x70, 0x65, 0x70, 0x76, 0x70, 0x6F, 0x70, 0x6C,
    0x70, 0x76, 0x70, 0x65, 0x70, 0x64, 0x70, 0x20, 0x70, 0x20, 0x70, 0x20, 0x70, 0x74, 0x70, 0x6F, 0x70, 0x20, 0x70,
    0x61, 0x70, 0x6C, 0x70, 0x73, 0x70, 0x6F, 0x70, 0x20, 0x70, 0x72, 0x70, 0x75, 0x70, 0x6E, 0x70, 0x20, 0x70, 0x6F,
    0x70, 0x6E, 0x70, 0x20, 0x70, 0x64, 0x70, 0x65, 0x70, 0x76, 0x70, 0x69, 0x70, 0x63, 0x70, 0x65, 0x70, 0x73, 0x70,
    0x20, 0x70, 0x73, 0x70, 0x75, 0x70, 0x63, 0x70, 0x68, 0x70, 0x20, 0x70, 0x20, 0x70, 0x20, 0x70, 0x61, 0x70, 0x73,
    0x70, 0x20, 0x70, 0x74, 0x70, 0x68, 0x70, 0x65, 0x70, 0x20, 0x70, 0x47, 0x70, 0x61, 0x70, 0x6D, 0x70, 0x65, 0x70,
    0x62, 0x70, 0x6F, 0x70, 0x79, 0x70, 0x20, 0x70, 0x61, 0x70, 0x73, 0x70, 0x20, 0x70, 0x70, 0x70, 0x6F, 0x70, 0x70,
    0x70, 0x75, 0x70, 0x6C, 0x70, 0x61, 0x70, 0x72, 0x70, 0x69, 0x70, 0x73, 0x70, 0x65, 0x70, 0x64, 0x70, 0x20, 0x70,
    0x62, 0x70, 0x79, 0x70, 0x20, 0x70, 0x4C, 0x70, 0x53, 0x70, 0x44, 0x70, 0x4A, 0x70, 0x20, 0x70, 0x61, 0x70, 0x6E,
    0x70, 0x64, 0x70, 0x20, 0x70, 0x74, 0x70, 0x68, 0x70, 0x69, 0x70, 0x73, 0x70, 0x20, 0x70, 0x74, 0x70, 0x68, 0x70,
    0x65, 0x70, 0x6E, 0x70, 0x20, 0x70, 0x20, 0x70, 0x20, 0x70, 0x20, 0x70, 0x20, 0x70, 0x20, 0x70, 0x20, 0x70, 0x20,
    0x70, 0x20, 0x70, 0x69, 0x70, 0x6E, 0x70, 0x73, 0x70, 0x70, 0x70, 0x69, 0x70, 0x72, 0x70, 0x65, 0x70, 0x64, 0x70,
    0x20, 0x70, 0x74, 0x70, 0x68, 0x70, 0x65, 0x70, 0x20, 0x70, 0x4C, 0x70, 0x69, 0x70, 0x74, 0x70, 0x74, 0x70, 0x6C,
    0x70, 0x65, 0x70, 0x47, 0x70, 0x50, 0x70, 0x54, 0x70, 0x72, 0x70, 0x61, 0x70, 0x63, 0x70, 0x6B, 0x70, 0x65, 0x70,
    0x72, 0x70, 0x20, 0x70, 0x20, 0x70, 0x28, 0x70, 0x4C, 0x70, 0x47, 0x70, 0x50, 0x70, 0x54, 0x70, 0x29, 0x70, 0x20,
    0x70, 0x77, 0x70, 0x68, 0x70, 0x69, 0x70, 0x63, 0x70, 0x68, 0x70, 0x20, 0x70, 0x77, 0x70, 0x61, 0x70, 0x73, 0x70,
    0x20, 0x70, 0x64, 0x70, 0x65, 0x70, 0x73, 0x70, 0x69, 0x70, 0x67, 0x70, 0x6E, 0x70, 0x65, 0x70, 0x64, 0x70, 0x20,
    0x70, 0x74, 0x70, 0x6F, 0x70, 0x20, 0x70, 0x20, 0x70, 0x72, 0x70, 0x75, 0x70, 0x6E, 0x70, 0x20, 0x70, 0x6F, 0x70,
    0x6E, 0x70, 0x20, 0x70, 0x70, 0x70, 0x6F, 0x70, 0x72, 0x70, 0x74, 0x70, 0x61, 0x70, 0x62, 0x70, 0x6C, 0x70, 0x65,
    0x70, 0x20, 0x70, 0x4C, 0x70, 0x69, 0x70, 0x6E, 0x70, 0x75, 0x70, 0x78, 0x70, 0x2D, 0x70, 0x62, 0x70, 0x61, 0x70,
    0x73, 0x70, 0x65, 0x70, 0x64, 0x70, 0x20, 0x70, 0x20, 0x70, 0x20, 0x70, 0x67, 0x70, 0x61, 0x70, 0x6D, 0x70, 0x69,
    0x70, 0x6E, 0x70, 0x67, 0x70, 0x20, 0x70, 0x68, 0x70, 0x61, 0x70, 0x6E, 0x70, 0x64, 0x70, 0x68, 0x70, 0x65, 0x70,
    0x6C, 0x70, 0x64, 0x70, 0x20, 0x70, 0x64, 0x70, 0x65, 0x70, 0x76, 0x70, 0x69, 0x70, 0x63, 0x70, 0x65, 0x70, 0x73,
    0x70, 0x2E, 0x70, 0x20, 0x70, 0x4C, 0x70, 0x47, 0x70, 0x50, 0x70, 0x54, 0x70, 0x20, 0x70, 0x74, 0x70, 0x68, 0x70,
    0x65, 0x70, 0x6E, 0x70, 0x20, 0x70, 0x73, 0x70, 0x65, 0x70, 0x72, 0x70, 0x76, 0x70, 0x65, 0x70, 0x64, 0x70, 0x20,
    0x70, 0x61, 0x70, 0x73, 0x70, 0x20, 0x70, 0x74, 0x70, 0x68, 0x70, 0x65, 0x70, 0x20, 0x70, 0x73, 0x70, 0x74, 0x70,
    0x61, 0x70, 0x72, 0x70, 0x74, 0x70, 0x69, 0x70, 0x6E, 0x70, 0x67, 0x70, 0x20, 0x70, 0x20, 0x70, 0x20, 0x70, 0x70,
    0x70, 0x6F, 0x70, 0x69, 0x70, 0x6E, 0x70, 0x74, 0x70, 0x20, 0x70, 0x66, 0x70, 0x6F, 0x70, 0x72, 0x70, 0x20, 0x70,
    0x74, 0x70, 0x68, 0x70, 0x65, 0x70, 0x20, 0x70, 0x66, 0x70, 0x69, 0x70, 0x72, 0x70, 0x6D, 0x70, 0x77, 0x70, 0x61,
    0x70, 0x72, 0x70, 0x65, 0x70, 0x20, 0x70, 0x66, 0x70, 0x6F, 0x70, 0x72, 0x70, 0x20, 0x70, 0x20, 0x70, 0x20, 0x70,
    0x20, 0x70, 0x74, 0x70, 0x68, 0x70, 0x65, 0x70, 0x20, 0x70, 0x70, 0x70, 0x69, 0x70, 0x63, 0x70, 0x6F, 0x70, 0x54,
    0x70, 0x72, 0x70, 0x61, 0x70, 0x63, 0x70, 0x6B, 0x70, 0x65, 0x70, 0x72, 0x70, 0x2C, 0x70, 0x20, 0x70, 0x74, 0x70,
    0x68, 0x70, 0x6F, 0x70, 0x75, 0x70, 0x67, 0x70, 0x68, 0x70, 0x20, 0x70, 0x69, 0x70, 0x74, 0x70, 0x20, 0x70, 0x20,
    0x70, 0x20, 0x70, 0x20, 0x70, 0x68, 0x70, 0x61, 0x70, 0x73, 0x70, 0x20, 0x70, 0x6E, 0x70, 0x6F, 0x70, 0x77, 0x70,
    0x20, 0x70, 0x73, 0x70, 0x75, 0x70, 0x62, 0x70, 0x73, 0x70, 0x74, 0x70, 0x61, 0x70, 0x6E, 0x70, 0x74, 0x70, 0x69,
    0x70, 0x61, 0x70, 0x6C, 0x70, 0x6C, 0x70, 0x79, 0x70, 0x20, 0x70, 0x20, 0x70, 0x20, 0x70, 0x20, 0x70, 0x20, 0x70,
    0x20, 0x70, 0x20, 0x70, 0x20, 0x70, 0x20, 0x70, 0x64, 0x70, 0x69, 0x70, 0x76, 0x70, 0x65, 0x70, 0x72, 0x70, 0x67,
    0x70, 0x65, 0x70, 0x64, 0x70, 0x20, 0x70, 0x66, 0x70, 0x72, 0x70, 0x6F, 0x70, 0x6D, 0x70, 0x20, 0x70, 0x74, 0x70,
    0x68, 0x70, 0x6F, 0x70, 0x73, 0x70, 0x65, 0x70, 0x20, 0x70, 0x72, 0x70, 0x6F, 0x70, 0x6F, 0x70, 0x74, 0x70, 0x73,
    0x70, 0x2C, 0x70, 0x20, 0x70, 0x20, 0x70, 0x20, 0x70, 0x20, 0x70, 0x62, 0x70, 0x65, 0x70, 0x69, 0x70, 0x6E, 0x70,
    0x67, 0x70, 0x20, 0x70, 0x63, 0x70, 0x75, 0x70, 0x73, 0x70, 0x74, 0x70, 0x6F, 0x70, 0x6D, 0x70, 0x69, 0x70, 0x73,
    0x70, 0x65, 0x70, 0x64, 0x70, 0x20, 0x70, 0x66, 0x70, 0x6F, 0x70, 0x72, 0x70, 0x20, 0x70, 0x74, 0x70, 0x68, 0x70,
    0x65, 0x70, 0x20, 0x70, 0x20, 0x70, 0x20, 0x70, 0x20, 0x70, 0x20, 0x70, 0x20, 0x70, 0x73, 0x70, 0x70, 0x70, 0x65,
    0x70, 0x63, 0x70, 0x69, 0x70, 0x66, 0x70, 0x69, 0x70, 0x63, 0x70, 0x20, 0x70, 0x68, 0x70, 0x61, 0x70, 0x72, 0x70,
    0x64, 0x70, 0x77, 0x70, 0x61, 0x70, 0x72, 0x70, 0x65, 0x70, 0x20, 0x70, 0x6F, 0x70, 0x66, 0x70, 0x20, 0x70, 0x74,
    0x70, 0x68, 0x70, 0x65, 0x70, 0x20, 0x70, 0x20, 0x70, 0x20, 0x70, 0x20, 0x70, 0x20, 0x70, 0x20, 0x70, 0x70, 0x70,
    0x69, 0x70, 0x63, 0x70, 0x6F, 0x70, 0x54, 0x70, 0x72, 0x70, 0x61, 0x70, 0x63, 0x70, 0x6B, 0x70, 0x65, 0x70, 0x72,
    0x70, 0x20, 0x70, 0x61, 0x70, 0x6E, 0x70, 0x64, 0x70, 0x20, 0x70, 0x67, 0x70, 0x61, 0x70, 0x69, 0x70, 0x6E, 0x70,
    0x69, 0x70, 0x6E, 0x70, 0x67, 0x70, 0x20, 0x70, 0x6D, 0x70, 0x61, 0x70, 0x6E, 0x70, 0x79, 0x70, 0x20, 0x70, 0x20,
    0x70, 0x6E, 0x70, 0x65, 0x70, 0x77, 0x70, 0x20, 0x70, 0x66, 0x70, 0x65, 0x70, 0x61, 0x70, 0x74, 0x70, 0x75, 0x70,
    0x72, 0x70, 0x65, 0x70, 0x73, 0x70, 0x20, 0x70, 0x61, 0x70, 0x6E, 0x70, 0x64, 0x70, 0x20, 0x70, 0x69, 0x70, 0x6D,
    0x70, 0x70, 0x70, 0x72, 0x70, 0x6F, 0x70, 0x76, 0x70, 0x65, 0x70, 0x6D, 0x70, 0x65, 0x70, 0x6E, 0x70, 0x74, 0x70,
    0x73, 0x70, 0x2E, 0x70, 0x20, 0x70, 0x20, 0x70, 0x20, 0x70, 0x20, 0x70, 0x20, 0x70, 0x20, 0x70, 0x20, 0x70, 0x20,
    0x70, 0x20, 0x70, 0x20, 0x70, 0x20, 0x70, 0x20, 0x70, 0x20, 0x70, 0x20, 0x70, 0x20, 0x70, 0x20, 0x70, 0x20, 0x70,
    0x20, 0x70, 0x20, 0x70, 0x20, 0x70, 0x20, 0x70, 0x20, 0x70, 0x20, 0x70, 0x20, 0x70, 0x20, 0x70, 0x20, 0x70, 0x20,
    0x70, 0x20, 0x70, 0x20, 0x70, 0x20, 0xFC, 0x20, 0xFC, 0x4F, 0xFC, 0x56, 0xFC, 0x45, 0xFC, 0x52, 0xFC, 0x56, 0xFC,
    0x49, 0xFC, 0x45, 0xFC, 0x57, 0xFC, 0x20, 0xFC, 0x20, 0xFC, 0x20, 0xFC, 0x20, 0xFC, 0x20, 0xFC, 0x20, 0xFC, 0x20,
    0xFC, 0x20, 0xFC, 0x20, 0xFC, 0x20, 0xFC, 0x20, 0xFC, 0x20, 0xFC, 0x20, 0xFC, 0x20, 0xFC, 0x20, 0xFC, 0x20, 0xFC,
    0x20, 0xFC, 0x20, 0xC0, 0xB2, 0xC0, 0xB1, 0xC0, 0xB0, 0x70, 0x20, 0x70, 0x20, 0x70, 0x20, 0x70, 0x20, 0x70, 0x20,
    0x70, 0x20, 0x70, 0x20, 0x70, 0x20, 0x70, 0x20, 0x70, 0x20, 0x70, 0x20, 0x70, 0x20, 0x70, 0x20, 0x70, 0x20, 0x70,
    0x20, 0x70, 0x20, 0x70, 0x20, 0x70, 0x20, 0x70, 0x20, 0x70, 0x20, 0x70, 0x20, 0x70, 0x20, 0x70, 0x20, 0x70, 0x20,
    0x70, 0x20, 0x70, 0x20, 0x70, 0x20, 0x70, 0x20, 0x70, 0x20, 0x70, 0x20, 0x70, 0x54, 0x70, 0x68, 0x70, 0x65, 0x70,
    0x20, 0x70, 0x63, 0x70, 0x6F, 0x70, 0x70, 0x70, 0x69, 0x70, 0x6E, 0x70, 0x67, 0x70, 0x54, 0x70, 0x72, 0x70, 0x61,
    0x70, 0x63, 0x70, 0x6B, 0x70, 0x65, 0x70, 0x72, 0x70, 0x20, 0x70, 0x66, 0x70, 0x65, 0x70, 0x61, 0x70, 0x74, 0x70,
    0x75, 0x70, 0x72, 0x70, 0x65, 0x70, 0x73, 0x70, 0x20, 0x70, 0x20, 0x70, 0x20, 0x70, 0x20, 0x70, 0x69, 0x70, 0x6E,
    0x70, 0x63, 0x70, 0x6C, 0x70, 0x75, 0x70, 0x64, 0x70, 0x65, 0x70, 0x3A, 0x70, 0x20, 0x70, 0x20, 0x70, 0x20, 0x70,
    0x20, 0x70, 0x20, 0x70, 0x20, 0x70, 0x20, 0x70, 0x20, 0x70, 0x20, 0x70, 0x20, 0x70, 0x20, 0x70, 0x20, 0x70, 0x20,
    0x70, 0x20, 0x70, 0x20, 0x70, 0x20, 0x70, 0x20, 0x70, 0x20, 0x70, 0x20, 0x70, 0x20, 0x70, 0x20, 0x70, 0x20, 0x70,
    0x20, 0x70, 0x20, 0x70, 0x20, 0x70, 0x20, 0x70, 0x20, 0x70, 0x20, 0x70, 0x20, 0x70, 0x20, 0x70, 0x20, 0x70, 0x20,
    0x70, 0x20, 0x70, 0x20, 0x70, 0x20, 0x70, 0x20, 0x70, 0x20, 0x70, 0x20, 0x70, 0x20, 0x70, 0x20, 0x70, 0x20, 0x70,
    0x20, 0x70, 0x20, 0x70, 0x20, 0x70, 0x20, 0x70, 0x20, 0x70, 0x20, 0x70, 0x20, 0x70, 0x20, 0x70, 0x20, 0x70, 0x20,
    0x70, 0x20, 0xF0, 0x20, 0xF0, 0x20, 0xF0, 0x38, 0x70, 0x20, 0x70, 0x73, 0x70, 0x6F, 0x70, 0x6E, 0x70, 0x67, 0x70,
    0x20, 0x70, 0x63, 0x70, 0x68, 0x70, 0x61, 0x70, 0x6E, 0x70, 0x6E, 0x70, 0x65, 0x70, 0x6C, 0x70, 0x73, 0x70, 0x20,
    0x70, 0x20, 0x70, 0x20, 0x70, 0x20, 0x70, 0x20, 0x70, 0x20, 0x70, 0x20, 0x70, 0x20, 0x70, 0x20, 0x70, 0x20, 0x70,
    0x20, 0x70, 0x20, 0x70, 0x20, 0xF0, 0x32, 0xF0, 0x35, 0xF0, 0x36, 0x70, 0x20, 0x70, 0x63, 0x70, 0x68, 0x70, 0x61,
    0x70, 0x69, 0x70, 0x6E, 0x70, 0x73, 0x70, 0x20, 0x70, 0x20, 0x70, 0x20, 0x70, 0x20, 0x70, 0x20, 0x70, 0x20, 0x70,
    0x20, 0x70, 0x20, 0x70, 0x20, 0x70, 0x20, 0x70, 0x20, 0x70, 0x20, 0x70, 0x20, 0x70, 0x20, 0x70, 0x20, 0x70, 0x20,
    0x70, 0x20, 0x70, 0x20, 0x70, 0x20, 0x70, 0x20, 0xF0, 0x31, 0xF0, 0x32, 0xF0, 0x38, 0x70, 0x20, 0x70, 0x70, 0x70,
    0x68, 0x70, 0x72, 0x70, 0x61, 0x70, 0x73, 0x70, 0x65, 0x70, 0x73, 0x70, 0x20, 0x70, 0x20, 0x70, 0x20, 0x70, 0x20,
    0x70, 0x20, 0x70, 0x20, 0x70, 0x20, 0x70, 0x20, 0x70, 0x20, 0x70, 0x20, 0x70, 0x20, 0x70, 0x20, 0x70, 0x20, 0x70,
    0x20, 0x70, 0x20, 0x70, 0x20, 0x70, 0x20, 0x70, 0x20, 0x70, 0x20, 0xF0, 0x20, 0xF0, 0x33, 0xF0, 0x32, 0x70, 0x20,
    0x70, 0x74, 0x70, 0x61, 0x70, 0x62, 0x70, 0x6C, 0x70, 0x65, 0x70, 0x73, 0x70, 0x20, 0x70, 0x20, 0x70, 0x20, 0x70,
    0x20, 0x70, 0x20, 0x70, 0x20, 0x70, 0x20, 0x70, 0x20, 0x70, 0x20, 0x70, 0x20, 0x70, 0x20, 0x70, 0x20, 0x70, 0x20,
    0x70, 0x20, 0x70, 0x20, 0x70, 0x20, 0x70, 0x20, 0x70, 0x20, 0x70, 0x20, 0x70, 0x20, 0xF0, 0x20, 0xF0, 0x33, 0xF0,
    0x32, 0xF0, 0x20, 0x70, 0x69, 0x70, 0x6E, 0x70, 0x73, 0x70, 0x74, 0x70, 0x72, 0x70, 0x75, 0x70, 0x6D, 0x70, 0x65,
    0x70, 0x6E, 0x70, 0x74, 0x70, 0x3A, 0x70, 0x20, 0x70, 0x20, 0x70, 0x20, 0x70, 0x20, 0x70, 0x20, 0x70, 0x20, 0x70,
    0x20, 0x70, 0x20, 0x70, 0x20, 0x70, 0x20, 0x70, 0x20, 0x70, 0x20, 0x70, 0x20, 0x70, 0x20, 0x70, 0x20, 0x70, 0x20,
    0x70, 0x20, 0x70, 0x20, 0x70, 0x20, 0x70, 0x20, 0x70, 0x20, 0x70, 0x53, 0x70, 0x61, 0x70, 0x6D, 0x70, 0x70, 0x70,
    0x6C, 0x70, 0x65, 0x70, 0x20, 0x70, 0x69, 0x70, 0x6E, 0x70, 0x73, 0x70, 0x74, 0x70, 0x72, 0x70, 0x75, 0x70, 0x6D,
    0x70, 0x65, 0x70, 0x6E, 0x70, 0x74, 0x70, 0x73, 0x70, 0x20, 0x70, 0x20, 0x70, 0x20, 0x70, 0x20, 0x70, 0x20, 0x70,
    0x20, 0x70, 0x20, 0x70, 0x20, 0x70, 0x20, 0x70, 0x20, 0x70, 0x20, 0x70, 0x20, 0x70, 0x4D, 0x70, 0x49, 0x70, 0x44,
    0x70, 0x49, 0x70, 0x20, 0x70, 0x69, 0x70, 0x6E, 0x70, 0x73, 0x70, 0x74, 0x70, 0x72, 0x70, 0x75, 0x70, 0x6D, 0x70,
    0x65, 0x70, 0x6E, 0x70, 0x74, 0x70, 0x73, 0x70, 0x20, 0x70, 0x20, 0x70, 0x20, 0x70, 0x20, 0x70, 0x20, 0x70, 0x20,
    0x70, 0x20, 0x70, 0x20, 0x70, 0x20, 0x70, 0x20, 0x70, 0x20, 0x70, 0x20, 0x70, 0x20, 0x70, 0x20, 0x70, 0x65, 0x70,
    0x6D, 0x70, 0x75, 0x70, 0x6C, 0x70, 0x61, 0x70, 0x74, 0x70, 0x65, 0x70, 0x64, 0x70, 0x20, 0x70, 0x53, 0x70, 0x49,
    0x70, 0x44, 0x70, 0x20, 0x70, 0x73, 0x70, 0x79, 0x70, 0x6E, 0x70, 0x74, 0x70, 0x68, 0x70, 0x20, 0x70, 0x20, 0x70,
    0x20, 0x70, 0x20, 0x70, 0x20, 0x70, 0x20, 0x70, 0x20, 0x70, 0x20, 0x70, 0x20, 0x70, 0x20, 0x70, 0x20, 0x70, 0x20,
    0x70, 0x65, 0x70, 0x6D, 0x70, 0x75, 0x70, 0x6C, 0x70, 0x61, 0x70, 0x74, 0x70, 0x65, 0x70, 0x64, 0x70, 0x20, 0x70,
    0x4F, 0x70, 0x50, 0x70, 0x4C, 0x70, 0x33, 0x70, 0x20, 0x70, 0x73, 0x70, 0x79, 0x70, 0x6E, 0x70, 0x74, 0x70, 0x68,
    0x70, 0x20, 0x70, 0x20, 0x70, 0x20, 0x70, 0x20, 0x70, 0x20, 0x70, 0x20, 0x70, 0x20, 0x70, 0x20, 0x70, 0x20, 0x70,
    0x20, 0x70, 0x20, 0x70, 0x63, 0x70, 0x68, 0x70, 0x69, 0x70, 0x70, 0x70, 0x74, 0x70, 0x75, 0x70, 0x6E, 0x70, 0x65,
    0x70, 0x20, 0x70, 0x73, 0x70, 0x79, 0x70, 0x6E, 0x70, 0x74, 0x70, 0x68, 0x70, 0x20, 0x70, 0x20, 0x70, 0x20, 0x70,
    0x20, 0x70, 0x20, 0x70, 0x20, 0x70, 0x20, 0x70, 0x20, 0x70, 0x20, 0x70, 0x20, 0xF0, 0x20, 0xF0, 0x20, 0x70, 0x20,
    0x70, 0x20, 0x70, 0x20, 0x70, 0x20, 0x70, 0x63, 0x70, 0x68, 0x70, 0x69, 0x70, 0x70, 0x70, 0x64, 0x70, 0x72, 0x70,
    0x75, 0x70, 0x6D, 0x70, 0x20, 0x70, 0x73, 0x70, 0x79, 0x70, 0x6E, 0x70, 0x74, 0x70, 0x68, 0x70, 0x20, 0x70, 0x20,
    0x70, 0x20, 0x70, 0x20, 0x70, 0x20, 0x70, 0x20, 0x70, 0x20, 0x70, 0x20, 0x70, 0x20, 0x70, 0x20, 0xF0, 0x20, 0xF0,
    0x20, 0x70, 0x20, 0x70, 0x20, 0x70, 0x20, 0x70, 0x20, 0x70, 0x20, 0x70, 0x20, 0x70, 0x20, 0x70, 0x20, 0x70, 0x20,
    0x70, 0x20, 0x70, 0x20, 0x70, 0x20, 0x70, 0x20, 0x70, 0x20, 0x70, 0x20, 0x70, 0x20, 0x70, 0x20, 0x70, 0x20, 0x70,
    0x20, 0x70, 0x20, 0x70, 0x20, 0x70, 0x20, 0x70, 0x20, 0x70, 0x20, 0x70, 0x20, 0x70, 0x20, 0x70, 0x20, 0x70, 0x20,
    0xF0, 0x2D, 0x70, 0x55, 0x70, 0x70, 0x70, 0x74, 0x70, 0x6F, 0x70, 0x20, 0xF0, 0x31, 0xF0, 0x35, 0xF0, 0x20, 0x70,
    0x4D, 0x70, 0x42, 0x70, 0x20, 0x70, 0x6F, 0x70, 0x66, 0x70, 0x20, 0x70, 0x73, 0x70, 0x61, 0x70, 0x6D, 0x70, 0x70,
    0x70, 0x6C, 0x70, 0x65, 0x70, 0x20, 0x70, 0x6D, 0x70, 0x65, 0x70, 0x6D, 0x70, 0x6F, 0x70, 0x72, 0x70, 0x79, 0x70,
    0x20, 0x70, 0x20, 0xF0, 0x20, 0x70, 0x70, 0x70, 0x65, 0x70, 0x72, 0x70, 0x20, 0x70, 0x6F, 0x70, 0x70, 0x70, 0x65,
    0x70, 0x6E, 0x70, 0x20, 0x70, 0x70, 0x70, 0x72, 0x70, 0x6F, 0x70, 0x6A, 0x70, 0x65, 0x70, 0x63, 0x70, 0x74, 0x70,
    0x20, 0x70, 0x20, 0x70, 0x20, 0x70, 0x20, 0x70, 0x20, 0x70, 0x20, 0x70, 0x20, 0x70, 0x20, 0x70, 0x20, 0x70, 0x20,
    0x70, 0x20, 0x70, 0x20, 0x70, 0x20, 0xF0, 0x2D, 0x70, 0x38, 0x70, 0x62, 0x70, 0x69, 0x70, 0x74, 0x70, 0x20, 0x70,
    0x6F, 0x70, 0x72, 0x70, 0x20, 0x70, 0x31, 0x70, 0x36, 0x70, 0x62, 0x70, 0x69, 0x70, 0x74, 0x70, 0x20, 0x70, 0x73,
    0x70, 0x61, 0x70, 0x6D, 0x70, 0x70, 0x70, 0x6C, 0x70, 0x65, 0x70, 0x73, 0x70, 0x20, 0x70, 0x75, 0x70, 0x70, 0x70,
    0x20, 0x70, 0x74, 0x70, 0x6F, 0x70, 0x20, 0x70, 0x20, 0xF0, 0x20, 0x70, 0x34, 0x70, 0x34, 0x70, 0x2E, 0x70, 0x31,
    0x70, 0x6B, 0x70, 0x48, 0x70, 0x7A, 0x70, 0x2C, 0x70, 0x20, 0x70, 0x6D, 0x70, 0x6F, 0x70, 0x6E, 0x70, 0x6F, 0x70,
    0x20, 0x70, 0x6F, 0x70, 0x72, 0x70, 0x20, 0x70, 0x73, 0x70, 0x74, 0x70, 0x65, 0x70, 0x72, 0x70, 0x65, 0x70, 0x6F,
    0x70, 0x20, 0x70, 0x20, 0x70, 0x20, 0x70, 0x20, 0x70, 0x20, 0x70, 0x20, 0xF0, 0x20, 0x70, 0x31, 0x70, 0x36, 0x70,
    0x62, 0x70, 0x69, 0x70, 0x74, 0x70, 0x20, 0x70, 0x34, 0x70, 0x34, 0x70, 0x2E, 0x70, 0x31, 0x70, 0x6B, 0x70, 0x48,
    0x70, 0x7A, 0x70, 0x20, 0x70, 0x73, 0x70, 0x74, 0x70, 0x65, 0x70, 0x72, 0x70, 0x65, 0x70, 0x6F, 0x70, 0x20, 0x70,
    0x61, 0x70, 0x75, 0x70, 0x64, 0x70, 0x69, 0x70, 0x6F, 0x70, 0x20, 0x70, 0x20, 0x70, 0x20, 0xF0, 0x20, 0xF0, 0x20,
    0x70, 0x6F, 0x70, 0x75, 0x70, 0x74, 0x70, 0x70, 0x70, 0x75, 0x70, 0x74, 0x70, 0x20, 0x70, 0x20, 0x70, 0x20, 0x70,
    0x20, 0x70, 0x20, 0x70, 0x20, 0x70, 0x20, 0x70, 0x20, 0x70, 0x20, 0x70, 0x20, 0x70, 0x20, 0x70, 0x20, 0x70, 0x20,
    0x70, 0x20, 0x70, 0x20, 0x70, 0x20, 0x70, 0x20, 0x70, 0x20, 0x70, 0x20, 0x70, 0x20, 0x70, 0x20, 0x70, 0x20, 0x70,
    0x20, 0x70, 0x20, 0x70, 0x20, 0x70, 0x20, 0x70, 0x20, 0x70, 0x20, 0x70, 0x20, 0x70, 0x20, 0x70, 0x20, 0x70, 0x20,
    0x70, 0x20, 0x70, 0x20, 0x70, 0x20, 0x70, 0x20, 0x70, 0x20, 0x70, 0x20, 0x70, 0x20, 0x70, 0x20, 0x70, 0x20, 0x70,
    0x20, 0x70, 0x20, 0x70, 0x20, 0x70, 0x20, 0x70, 0x20, 0x70, 0x20, 0x70, 0x20, 0x70, 0x20, 0x70, 0x20, 0x70, 0x20,
    0x70, 0x20, 0x70, 0x63, 0x70, 0x6F, 0x70, 0x70, 0x70, 0x69, 0x70, 0x6E, 0x70, 0x67, 0x70, 0x54, 0x70, 0x72, 0x70,
    0x61, 0x70, 0x63, 0x70, 0x6B, 0x70, 0x65, 0x70, 0x72, 0x70, 0x20, 0x70, 0x69, 0x70, 0x73, 0x70, 0x20, 0x70, 0x70,
    0x70, 0x6F, 0x70, 0x77, 0x70, 0x65, 0x70, 0x72, 0x70, 0x65, 0x70, 0x64, 0x70, 0x20, 0x70, 0x62, 0x70, 0x79, 0x70,
    0x20, 0x70, 0x20, 0x70, 0x20, 0x70, 0x61, 0x70, 0x6E, 0x70, 0x20, 0x70, 0x52, 0x70, 0x50, 0x70, 0x32, 0x70, 0x30,
    0x70, 0x34, 0x70, 0x30, 0x70, 0x2F, 0x70, 0x52, 0x70, 0x50, 0x70, 0x32, 0x70, 0x33, 0x70, 0x35, 0x70, 0x30, 0x70,
    0x20, 0x70, 0x6D, 0x70, 0x69, 0x70, 0x63, 0x70, 0x72, 0x70, 0x6F, 0x70, 0x63, 0x70, 0x6F, 0x70, 0x6E, 0x70, 0x2D,
    0x70, 0x20, 0x70, 0x20, 0x70, 0x20, 0x70, 0x20, 0x70, 0x74, 0x70, 0x72, 0x70, 0x6F, 0x70, 0x6C, 0x70, 0x6C, 0x70,
    0x65, 0x70, 0x72, 0x70, 0x20, 0x70, 0x73, 0x70, 0x75, 0x70, 0x70, 0x70, 0x70, 0x70, 0x6F, 0x70, 0x72, 0x70, 0x74,
    0x70, 0x69, 0x70, 0x6E, 0x70, 0x67, 0x70, 0x20, 0x70, 0x74, 0x70, 0x68, 0x70, 0x65, 0x70, 0x20, 0x70, 0x66, 0x70,
    0x6F, 0x70, 0x6C, 0x70, 0x6C, 0x70, 0x6F, 0x70, 0x77, 0x70, 0x2D, 0x70, 0x69, 0x70, 0x6E, 0x70, 0x67, 0x70, 0x20,
    0x70, 0x68, 0x70, 0x61, 0x70, 0x72, 0x70, 0x64, 0x70, 0x77, 0x70, 0x61, 0x70, 0x72, 0x70, 0x65, 0x70, 0x3A, 0x70,
    0x20, 0x70, 0x20, 0x70, 0x20, 0x70, 0x20, 0x70, 0x20, 0x70, 0x20, 0x70, 0x20, 0x70, 0x20, 0x70, 0x20, 0x70, 0x20,
    0x70, 0x20, 0x70, 0x20, 0x70, 0x20, 0x70, 0x20, 0x70, 0x20, 0x70, 0x20, 0x70, 0x20, 0xF0, 0x20, 0xF0, 0x20, 0x70,
    0x20, 0x70, 0x20, 0x70, 0x20, 0x70, 0x20, 0x70, 0x20, 0x70, 0x20, 0x70, 0x20, 0x70, 0x20, 0x70, 0x20, 0x70, 0x20,
    0x70, 0x20, 0x70, 0x20, 0x70, 0x20, 0x70, 0x20, 0x70, 0x20, 0x70, 0x20, 0x70, 0x20, 0x70, 0x20, 0x70, 0x20, 0x70,
    0x20, 0x70, 0x20, 0x70, 0x20, 0x70, 0x20, 0x70, 0x20, 0x70, 0x20, 0x70, 0x20, 0x70, 0x20, 0x70, 0x20, 0xF0, 0x2D,
    0x70, 0x48, 0x70, 0x65, 0x70, 0x61, 0x70, 0x64, 0x70, 0x70, 0x70, 0x68, 0x70, 0x6F, 0x70, 0x6E, 0x70, 0x65, 0x70,
    0x2F, 0x70, 0x4C, 0x70, 0x69, 0x70, 0x6E, 0x70, 0x65, 0x70, 0x6F, 0x70, 0x75, 0x70, 0x74, 0x70, 0x20, 0x70, 0x20,
    0x70, 0x20, 0x70, 0x20, 0x70, 0x20, 0x70, 0x20, 0x70, 0x20, 0x70, 0x20, 0x70, 0x20, 0x70, 0x20, 0x70, 0x20, 0x70,
    0x20, 0xF0, 0x2D, 0x70, 0x54, 0x70, 0x52, 0x70, 0x53, 0x70, 0x20, 0x70, 0x4D, 0x70, 0x49, 0x70, 0x44, 0x70, 0x49,
    0x70, 0x20, 0x70, 0x49, 0x70, 0x6E, 0x70, 0x20, 0x70, 0x26, 0x70, 0x20, 0x70, 0x4F, 0x70, 0x75, 0x70, 0x74, 0x70,
    0x2C, 0x70, 0x20, 0x70, 0x55, 0x70, 0x53, 0x70, 0x42, 0x70, 0x20, 0x70, 0x4D, 0x70, 0x49, 0x70, 0x44, 0x70, 0x49,
    0x70, 0x20, 0x70, 0x20, 0xF0, 0x20, 0x70, 0x4F, 0x70, 0x75, 0x70, 0x74, 0x70, 0x20, 0x70, 0x20, 0x70, 0x20, 0x70,
    0x20, 0x70, 0x20, 0x70, 0x20, 0x70, 0x20, 0x70, 0x20, 0x70, 0x20, 0x70, 0x20, 0x70, 0x20, 0x70, 0x20, 0x70, 0x20,
    0x70, 0x20, 0x70, 0x20, 0x70, 0x20, 0x70, 0x20, 0x70, 0x20, 0x70, 0x20, 0x70, 0x20, 0x70, 0x20, 0x70, 0x20, 0x70,
    0x20, 0x70, 0x20, 0x70, 0x20, 0x70, 0x20, 0xF0, 0x2D, 0x70, 0x33, 0x70, 0x32, 0x70, 0x30, 0x70, 0x78, 0x70, 0x32,
    0x70, 0x34, 0x70, 0x30, 0x70, 0x20, 0x70, 0x32, 0x70, 0x2E, 0x70, 0x38, 0x70, 0x69, 0x70, 0x6E, 0x70, 0x20, 0x70,
    0x4C, 0x70, 0x43, 0x70, 0x44, 0x70, 0x20, 0x70, 0x64, 0x70, 0x69, 0x70, 0x73, 0x70, 0x70, 0x70, 0x6C, 0x70, 0x61,
    0x70, 0x79, 0x70, 0x20, 0x70, 0x20, 0x70, 0x20, 0x70, 0x20, 0xF0, 0x2D, 0x70, 0x31, 0x70, 0x36, 0x70, 0x4D, 0x70,
    0x42, 0x70, 0x20, 0x70, 0x6F, 0x70, 0x66, 0x70, 0x20, 0x70, 0x46, 0x70, 0x6C, 0x70, 0x61, 0x70, 0x73, 0x70, 0x68,
    0x70, 0x20, 0x70, 0x20, 0x70, 0x20, 0x70, 0x20, 0x70, 0x20, 0x70, 0x20, 0x70, 0x20, 0x70, 0x20, 0x70, 0x20, 0x70,
    0x20, 0x70, 0x20, 0x70, 0x20, 0x70, 0x20, 0x70, 0x20, 0x70, 0x20, 0x70, 0x20, 0xF0, 0x2D, 0x70, 0x4D, 0x70, 0x69,
    0x70, 0x63, 0x70, 0x72, 0x70, 0x6F, 0x70, 0x53, 0x70, 0x44, 0x70, 0x20, 0x70, 0x63, 0x70, 0x61, 0x70, 0x72, 0x70,
    0x64, 0x70, 0x73, 0x70, 0x20, 0x70, 0x75, 0x70, 0x70, 0x70, 0x74, 0x70, 0x6F, 0x70, 0x20, 0x70, 0x31, 0x70, 0x32,
    0x70, 0x38, 0x70, 0x47, 0x70, 0x42, 0x70, 0x20, 0x70, 0x66, 0x70, 0x6F, 0x70, 0x72, 0x70, 0x20, 0xF0, 0x20, 0x70,
    0x70, 0x70, 0x72, 0x70, 0x6F, 0x70, 0x6A, 0x70, 0x65, 0x70, 0x63, 0x70, 0x74, 0x70, 0x20, 0x70, 0x26, 0x70, 0x20,
    0x70, 0x73, 0x70, 0x61, 0x70, 0x6D, 0x70, 0x70, 0x70, 0x6C, 0x70, 0x65, 0x70, 0x20, 0x70, 0x6C, 0x70, 0x69, 0x70,
    0x62, 0x70, 0x72, 0x70, 0x61, 0x70, 0x72, 0x70, 0x79, 0x70, 0x20, 0x70, 0x20, 0x70, 0x20, 0x70, 0x20, 0x70, 0x20,
    0xF0, 0x20, 0x70, 0x73, 0x70, 0x74, 0x70, 0x6F, 0x70, 0x72, 0x70, 0x61, 0x70, 0x67, 0x70, 0x65, 0x70, 0x20, 0x70,
    0x20, 0x70, 0x20, 0x70, 0x20, 0x70, 0x20, 0x70, 0x20, 0x70, 0x20, 0x70, 0x20, 0x70, 0x20, 0x70, 0x20, 0x70, 0x20,
    0x70, 0x20, 0x70, 0x20, 0x70, 0x20, 0x70, 0x20, 0x70, 0x20, 0x70, 0x20, 0x70, 0x20, 0x70, 0x20, 0x70, 0x20, 0x70,
    0x20, 0x70, 0x20, 0xF0, 0x2D, 0x70, 0x55, 0x70, 0x53, 0x70, 0x42, 0x70, 0x2D, 0x70, 0x43, 0x70, 0x20, 0x70, 0x66,
    0x70, 0x6F, 0x70, 0x72, 0x70, 0x20, 0x70, 0x4D, 0x70, 0x49, 0x70, 0x44, 0x70, 0x49, 0x70, 0x2C, 0x70, 0x20, 0x70,
    0x63, 0x70, 0x68, 0x70, 0x61, 0x70, 0x72, 0x70, 0x67, 0x70, 0x69, 0x70, 0x6E, 0x70, 0x67, 0x70, 0x2C, 0x70, 0x20,
    0x70, 0x20, 0x70, 0x20, 0x70, 0x20, 0xF0, 0x20, 0x70, 0x6D, 0x70, 0x61, 0x70, 0x73, 0x70, 0x73, 0x70, 0x20, 0x70,
    0x73, 0x70, 0x74, 0x70, 0x6F, 0x70, 0x72, 0x70, 0x61, 0x70, 0x67, 0x70, 0x65, 0x70, 0x2C, 0x70, 0x20, 0x70, 0x6D,
    0x70, 0x69, 0x70, 0x72, 0x70, 0x72, 0x70, 0x6F, 0x70, 0x72, 0x70, 0x55, 0x70, 0x49, 0x70, 0x20, 0x70, 0x61, 0x70,
    0x6E, 0x70, 0x64, 0x70, 0x20, 0x70, 0x20, 0x70, 0x20, 0x70, 0x20, 0x70, 0x73, 0x70, 0x69, 0x70, 0x6D, 0x70, 0x70,
    0x70, 0x6C, 0x70, 0x65, 0x70, 0x20, 0x70, 0x64, 0x70, 0x72, 0x70, 0x61, 0x70, 0x67, 0x70, 0x26, 0x70, 0x64, 0x70,
    0x72, 0x70, 0x6F, 0x70, 0x70, 0x70, 0x20, 0x70, 0x66, 0x70, 0x69, 0x70, 0x72, 0x70, 0x6D, 0x70, 0x77, 0x70, 0x61,
    0x70, 0x72, 0x70, 0x65, 0x70, 0x20, 0x70, 0x20, 0x70, 0x20, 0x70, 0x20, 0x70, 0x20, 0x70, 0x75, 0x70, 0x70, 0x70,
    0x64, 0x70, 0x61, 0x70, 0x74, 0x70, 0x65, 0x70, 0x73, 0x70, 0x2E, 0x70, 0x20, 0x70, 0x20, 0x70, 0x20, 0x70, 0x20,
    0x70, 0x20, 0x70, 0x20, 0x70, 0x20, 0x70, 0x20, 0x70, 0x20, 0x70, 0x20, 0x70, 0x20, 0x70, 0x20, 0x70, 0x20, 0x70,
    0x20, 0x70, 0x20, 0x70, 0x20, 0x70, 0x20, 0x70, 0x20, 0x70, 0x20, 0x70, 0x20, 0x70, 0x20, 0x70, 0x20, 0x70, 0x20,
    0x70, 0x20, 0x70, 0x20, 0x70, 0x20, 0x70, 0x20, 0x70, 0x20, 0x70, 0x20, 0x70, 0x20, 0x70, 0x20, 0x70, 0x20, 0x70,
    0x20, 0x70, 0x20, 0x70, 0x20, 0x70, 0x20, 0x70, 0x20, 0x70, 0x20, 0x70, 0x20, 0x70, 0x20, 0x70, 0x20, 0x70, 0x20,
    0x70, 0x20, 0x70, 0x20, 0x70, 0x20, 0x70, 0x20, 0x70, 0x20, 0x70, 0x20, 0x70, 0x20, 0x70, 0x20, 0x70, 0x20, 0x0C,
    0x20, 0xFC, 0x41, 0xFC, 0x50, 0xFC, 0x50, 0xFC, 0x20, 0xFC, 0x4E, 0xFC, 0x41, 0xFC, 0x56, 0xFC, 0x49, 0xFC, 0x47,
    0xFC, 0x41, 0xFC, 0x54, 0xFC, 0x49, 0xFC, 0x4F, 0xFC, 0x4E, 0xFC, 0x20, 0xFC, 0x20, 0xFC, 0x20, 0xFC, 0x20, 0xFC,
    0x20, 0xFC, 0x20, 0xFC, 0x20, 0xFC, 0x20, 0xFC, 0x20, 0xFC, 0x20, 0xFC, 0x20, 0xFC, 0x20, 0xC0, 0xB2, 0xC0, 0xB1,
    0xC0, 0xB0, 0x70, 0x20, 0x70, 0x20, 0x70, 0x20, 0x70, 0x20, 0x70, 0x20, 0x70, 0x20, 0x70, 0x20, 0x70, 0x20, 0x70,
    0x20, 0x70, 0x20, 0x70, 0x20, 0x70, 0x20, 0x70, 0x20, 0x70, 0x20, 0x70, 0x20, 0x70, 0x20, 0x70, 0x20, 0x70, 0x20,
    0x70, 0x20, 0x70, 0x20, 0x70, 0x20, 0x70, 0x20, 0x70, 0x20, 0x70, 0x20, 0x70, 0x20, 0x70, 0x20, 0x70, 0x20, 0x70,
    0x20, 0x70, 0x20, 0x70, 0x20, 0x70, 0x20, 0x70, 0xDA, 0x70, 0xC4, 0x70, 0xBF, 0x70, 0x20, 0x70, 0xDA, 0x70, 0xC4,
    0x70, 0xBF, 0x70, 0x20, 0x70, 0x20, 0x70, 0x20, 0x70, 0x20, 0x70, 0x20, 0x70, 0x20, 0x70, 0x20, 0x70, 0x20, 0x70,
    0x20, 0xF0, 0x44, 0x70, 0x65, 0x70, 0x76, 0x70, 0x69, 0x70, 0x63, 0x70, 0x65, 0x70, 0x20, 0x70, 0x20, 0x70, 0x20,
    0x70, 0x20, 0x70, 0x20, 0x70, 0x20, 0x70, 0x20, 0x70, 0x20, 0x70, 0xB3, 0xF0, 0x44, 0x70, 0xB3, 0x80, 0xC4, 0x70,
    0xB3, 0xF0, 0x48, 0x70, 0xB3, 0x70, 0x20, 0x70, 0x20, 0x70, 0x20, 0x70, 0x20, 0x70, 0x20, 0x70, 0x20, 0x70, 0x20,
    0x70, 0x20, 0x70, 0x20, 0xF0, 0x20, 0x70, 0x20, 0x70, 0x20, 0x70, 0x20, 0x70, 0x20, 0x70, 0x20, 0x70, 0x20, 0x70,
    0x20, 0x70, 0x20, 0x70, 0x20, 0x70, 0x20, 0x70, 0x20, 0x70, 0x20, 0x70, 0x20, 0x70, 0xC0, 0x70, 0xC4, 0x70, 0xD9,
    0x70, 0x20, 0x70, 0xC0, 0x70, 0xC4, 0x70, 0xD9, 0x70, 0x20, 0x70, 0x20, 0x70, 0x20, 0x70, 0x20, 0x70, 0x20, 0x70,
    0x20, 0x70, 0x20, 0x70, 0x20, 0x70, 0x20, 0xF0, 0x48, 0x70, 0x65, 0x70, 0x6C, 0x70, 0x70, 0x70, 0x20, 0x70, 0x20,
    0x70, 0x20, 0x70, 0x20, 0x70, 0x20, 0x70, 0x20, 0x70, 0x20, 0x70, 0x20, 0x70, 0x20, 0x70, 0x20, 0x70, 0x20, 0x80,
    0xB3, 0x70, 0x20, 0x70, 0x20, 0x70, 0x20, 0x70, 0x20, 0x70, 0x20, 0x70, 0x20, 0x70, 0x20, 0x70, 0x20, 0x70, 0x20,
    0x70, 0x20, 0x70, 0x20, 0x70, 0x20, 0x70, 0x20, 0x70, 0x20, 0xF0, 0x20, 0x70, 0x20, 0x70, 0x20, 0x70, 0x20, 0x70,
    0x20, 0x70, 0x20, 0x70, 0x20, 0x70, 0x20, 0x70, 0x20, 0x70, 0x20, 0x70, 0x20, 0x70, 0x20, 0x70, 0x20, 0x70, 0x20,
    0x70, 0xDA, 0x70, 0xC4, 0x70, 0xBF, 0x70, 0x20, 0x70, 0x20, 0x70, 0x20, 0x70, 0x20, 0x70, 0x20, 0x70, 0xDA, 0x70,
    0xC4, 0x70, 0xBF, 0x70, 0x20, 0x70, 0x20, 0x70, 0x20, 0x70, 0x20, 0x70, 0x20, 0xF0, 0x57, 0x70, 0x6F, 0x70, 0x72,
    0x70, 0x6B, 0x70, 0x73, 0x70, 0x70, 0x70, 0x61, 0x70, 0x63, 0x70, 0x65, 0x70, 0x20, 0x70, 0x20, 0x70, 0x20, 0x70,
    0x20, 0x70, 0x20, 0x70, 0xB3, 0xF0, 0x57, 0x70, 0xB3, 0x80, 0xC4, 0x80, 0xC4, 0x80, 0xC4, 0x80, 0xC4, 0x80, 0xC4,
    0x70, 0xB3, 0xF0, 0x47, 0x70, 0xB3, 0x70, 0x20, 0x70, 0x20, 0x70, 0x20, 0x70, 0x20, 0x70, 0x20, 0xF0, 0x20, 0x70,
    0x20, 0x70, 0x20, 0x70, 0x20, 0x70, 0x20, 0x70, 0x20, 0x70, 0x20, 0x70, 0x20, 0x70, 0x20, 0x70, 0x20, 0x70, 0x20,
    0x70, 0x20, 0x70, 0x20, 0x70, 0x20, 0x70, 0xC0, 0x70, 0xC4, 0x70, 0xD9, 0x80, 0x20, 0x70, 0x20, 0x70, 0x20, 0x70,
    0x20, 0x70, 0x20, 0x70, 0xC0, 0x70, 0xC4, 0x70, 0xD9, 0x70, 0x20, 0x70, 0x20, 0x70, 0x20, 0x70, 0x20, 0x70, 0x20,
    0xF0, 0x47, 0x70, 0x72, 0x70, 0x6F, 0x70, 0x6F, 0x70, 0x76, 0x70, 0x65, 0x70, 0x20, 0x70, 0x20, 0x70, 0x20, 0x70,
    0x20, 0x70, 0x20, 0x70, 0x20, 0x70, 0x20, 0x70, 0x20, 0x70, 0x20, 0x80, 0xB3, 0x70, 0x20, 0x70, 0x20, 0x70, 0x20,
    0x70, 0x20, 0x70, 0x20, 0x70, 0x20, 0x70, 0x20, 0x80, 0xB3, 0x70, 0x20, 0x70, 0x20, 0x70, 0x20, 0x70, 0x20, 0x70,
    0x20, 0x70, 0x20, 0xF0, 0x20, 0x70, 0x20, 0x70, 0x20, 0x70, 0x20, 0x70, 0x20, 0x70, 0x20, 0x70, 0x20, 0x70, 0x20,
    0x70, 0x20, 0x70, 0x20, 0x70, 0x20, 0x70, 0x20, 0x70, 0x20, 0x70, 0x20, 0x70, 0xDA, 0x70, 0xC4, 0x70, 0xBF, 0x70,
    0x20, 0x70, 0xDA, 0x70, 0xC4, 0x70, 0xBF, 0x70, 0x20, 0x70, 0xDA, 0x70, 0xC4, 0x70, 0xBF, 0x70, 0x20, 0x70, 0xDA,
    0x70, 0xC4, 0x70, 0xBF, 0x70, 0x20, 0xF0, 0x53, 0x70, 0x6F, 0x70, 0x6E, 0x70, 0x67, 0x70, 0x20, 0x70, 0x20, 0x70,
    0x20, 0x70, 0x20, 0x70, 0x20, 0x70, 0x20, 0x70, 0x20, 0x70, 0x20, 0x70, 0x20, 0x70, 0x20, 0x70, 0xB3, 0xF0, 0x53,
    0x70, 0xB3, 0x80, 0xC4, 0x70, 0xB3, 0xF0, 0x43, 0x70, 0xB3, 0x80, 0xC4, 0x70, 0xB3, 0xF0, 0x50, 0x70, 0xB3, 0x80,
    0xC4, 0x70, 0xB3, 0xF0, 0x49, 0x70, 0xB3, 0x70, 0x20, 0xF0, 0x20, 0x70, 0x20, 0x70, 0x20, 0x70, 0x20, 0x70, 0x20,
    0x70, 0x20, 0x70, 0x20, 0x70, 0x20, 0x70, 0x20, 0x70, 0x20, 0x70, 0x20, 0x70, 0x20, 0x70, 0x20, 0x70, 0x20, 0x70,
    0xC0, 0x70, 0xC4, 0x70, 0xD9, 0x70, 0x20, 0x70, 0xC0, 0x70, 0xC4, 0x70, 0xD9, 0x70, 0x20, 0x70, 0xC0, 0x70, 0xC4,
    0x70, 0xD9, 0x70, 0x20, 0x70, 0xC0, 0x70, 0xC4, 0x70, 0xD9, 0x70, 0x20, 0xF0, 0x43, 0x70, 0x68, 0x70, 0x61, 0x70,
    0x69, 0x70, 0x6E, 0x70, 0x20, 0x70, 0x20, 0x70, 0x20, 0x70, 0x20, 0x70, 0x20, 0x70, 0x20, 0x70, 0x20, 0x70, 0x20,
    0x70, 0x20, 0x70, 0x20, 0x80, 0xB3, 0x70, 0x20, 0x70, 0x20, 0x70, 0x20, 0x70, 0x20, 0x70, 0x20, 0x70, 0x20, 0x70,
    0x20, 0x80, 0xB3, 0x70, 0x20, 0x70, 0x20, 0x70, 0x20, 0x80, 0xB3, 0x70, 0x20, 0x70, 0x20, 0x70, 0x20, 0x70, 0x20,
    0x70, 0x20, 0x70, 0x20, 0x70, 0x20, 0x70, 0x20, 0x70, 0x20, 0x70, 0x20, 0x70, 0x20, 0x70, 0x20, 0x70, 0x20, 0x70,
    0x20, 0x70, 0x20, 0x70, 0x20, 0x70, 0xDA, 0x70, 0xC4, 0x70, 0xBF, 0x70, 0x20, 0x70, 0x20, 0x70, 0x20, 0x70, 0x20,
    0x70, 0x20, 0x70, 0xDA, 0x70, 0xC4, 0x70, 0xBF, 0x70, 0x20, 0x70, 0xDA, 0x70, 0xC4, 0x70, 0xBF, 0x70, 0x20, 0xF0,
    0x50, 0x70, 0x68, 0x70, 0x72, 0x70, 0x61, 0x70, 0x73, 0x70, 0x65, 0x70, 0x20, 0x70, 0x20, 0x70, 0x20, 0x70, 0x20,
    0x70, 0x20, 0x70, 0x20, 0x70, 0x20, 0x70, 0x20, 0x70, 0xB3, 0xF0, 0x4D, 0x70, 0xB3, 0x80, 0xC4, 0x80, 0xC4, 0x80,
    0xC4, 0x80, 0xC4, 0x80, 0xC4, 0x70, 0xB3, 0xF0, 0x54, 0x70, 0xB3, 0x80, 0xC4, 0x70, 0xB3, 0xF0, 0x54, 0x70, 0xB3,
    0x70, 0x20, 0xF0, 0x20, 0x70, 0x20, 0x70, 0x20, 0x70, 0x20, 0x70, 0x20, 0x70, 0x20, 0x70, 0x20, 0x70, 0x20, 0x70,
    0x20, 0x70, 0x20, 0x70, 0x20, 0x70, 0x20, 0x70, 0x20, 0x70, 0x20, 0x70, 0xC0, 0x70, 0xC4, 0x70, 0xD9, 0x70, 0x20,
    0x70, 0x20, 0x70, 0x20, 0x70, 0x20, 0x70, 0x20, 0x70, 0xC0, 0x70, 0xC4, 0x70, 0xD9, 0x70, 0x20, 0x70, 0xC0, 0x70,
    0xC4, 0x70, 0xD9, 0x70, 0x20, 0xF0, 0x49, 0x70, 0x6E, 0x70, 0x73, 0x70, 0x74, 0x70, 0x72, 0x70, 0x75, 0x70, 0x6D,
    0x70, 0x65, 0x70, 0x6E, 0x70, 0x74, 0x70, 0x20, 0x70, 0x20, 0x70, 0x20, 0x70, 0x20, 0x70, 0x20, 0x70, 0x20, 0x70,
    0x20, 0x70, 0x20, 0x70, 0x20, 0x70, 0x20, 0x70, 0x20, 0x70, 0x20, 0x70, 0x20, 0x70, 0x20, 0x70, 0x20, 0x70, 0x20,
    0x70, 0x20, 0x70, 0x20, 0x70, 0x20, 0x70, 0x20, 0xF0, 0x20, 0x70, 0x20, 0x70, 0x20, 0x70, 0x20, 0x70, 0x20, 0x70,
    0x20, 0x70, 0x20, 0x70, 0x20, 0x70, 0x20, 0x70, 0x20, 0x70, 0x20, 0x70, 0x20, 0x70, 0x20, 0x70, 0x20, 0x70, 0x20,
    0x70, 0x20, 0x70, 0x20, 0x70, 0x20, 0x70, 0x20, 0x70, 0x20, 0x70, 0x20, 0x70, 0x20, 0x70, 0x20, 0x70, 0x20, 0x70,
    0x20, 0x70, 0x20, 0x70, 0x20, 0x70, 0x20, 0x70, 0x20, 0x70, 0x20, 0xF0, 0x4D, 0x70, 0x69, 0x70, 0x78, 0x70, 0x65,
    0x70, 0x72, 0x70, 0x20, 0x70, 0x20, 0x70, 0x20, 0x70, 0x20, 0x70, 0x20, 0x70, 0x20, 0x70, 0x20, 0x70, 0x20, 0x70,
    0x20, 0x70, 0x20, 0x70, 0x20, 0x70, 0x20, 0x70, 0x20, 0x70, 0x20, 0x70, 0x20, 0x70, 0x20, 0x70, 0x20, 0x70, 0x20,
    0x70, 0x20, 0x70, 0x20, 0x70, 0x20, 0x70, 0x20, 0x70, 0x20, 0x70, 0x20, 0x70, 0x20, 0xF0, 0x20, 0x70, 0x20, 0x70,
    0x20, 0x70, 0x20, 0x70, 0x20, 0x70, 0x20, 0x70, 0x20, 0x70, 0x20, 0x70, 0x20, 0x70, 0x20, 0x70, 0x20, 0x70, 0x20,
    0x70, 0x20, 0x70, 0x20, 0x70, 0x20, 0x70, 0x20, 0x70, 0x20, 0x70, 0x20, 0x70, 0x20, 0x70, 0x20, 0x70, 0x20, 0x70,
    0x20, 0x70, 0x20, 0x70, 0x20, 0x70, 0x20, 0x70, 0x20, 0x70, 0x20, 0x70, 0x20, 0x70, 0x20, 0x70, 0x20, 0xF0, 0x54,
    0x70, 0x61, 0x70, 0x62, 0x70, 0x6C, 0x70, 0x65, 0x70, 0x20, 0x70, 0x20, 0x70, 0x20, 0x70, 0x20, 0x70, 0x20, 0x70,
    0x20, 0x70, 0x20, 0x70, 0x20,
};

static const uint8_t DOC_COMMANDS[] = {
    0xF0, 0x41, 0xF0, 0x52, 0xF0, 0x50, 0x70, 0x65, 0x70, 0x67, 0x70, 0x67, 0x70, 0x69, 0x70, 0x6F, 0x70, 0x20, 0x70,
    0x20, 0x70, 0x20, 0x70, 0x20, 0x70, 0x20, 0x70, 0x20, 0x70, 0x20, 0x70, 0x20, 0x70, 0x20, 0x70, 0x20, 0x70, 0x20,
    0x70, 0x20, 0x70, 0x20, 0x70, 0x20, 0xC0, 0x61, 0xA0, 0x62, 0xE0, 0x63, 0x90, 0x64, 0x80, 0xB3, 0xF0, 0x41, 0xF0,
    0x52, 0xF0, 0x50, 0x70, 0x43, 0x70, 0x79, 0x70, 0x63, 0x70, 0x6C, 0x70, 0x65, 0x70, 0x20, 0x70, 0x74, 0x70, 0x68,
    0x70, 0x72, 0x70, 0x6F, 0x70, 0x75, 0x70, 0x67, 0x70, 0x68, 0x70, 0x20, 0x70, 0x74, 0x70, 0x68, 0x70, 0x65, 0x70,
    0x20, 0x70, 0x72, 0x70, 0x65, 0x70, 0x6C, 0x70, 0x61, 0x70, 0x74, 0x70, 0x69, 0x70, 0x76, 0x70, 0x65, 0x80, 0xB3,
    0x70, 0x20, 0xF0, 0x20, 0xF0, 0x20, 0x70, 0x6F, 0x70, 0x66, 0x70, 0x66, 0x70, 0x73, 0x70, 0x65, 0x70, 0x74, 0x70,
    0x73, 0x70, 0x20, 0xC0, 0x61, 0x70, 0x2C, 0xA0, 0x62, 0x70, 0x2C, 0xE0, 0x63, 0x70, 0x26, 0x90, 0x64, 0x70, 0x2E,
    0x70, 0x20, 0x70, 0x49, 0x70, 0x66, 0x70, 0x20, 0x70, 0x61, 0x70, 0x20, 0x70, 0x73, 0x70, 0x74, 0x70, 0x65, 0x70,
    0x70, 0x80, 0xB3, 0x70, 0x20, 0xF0, 0x20, 0x70, 0x20, 0x70, 0x69, 0x70, 0x73, 0x70, 0x20, 0x70, 0x30, 0x70, 0x20,
    0x70, 0x74, 0x70, 0x68, 0x70, 0x65, 0x70, 0x20, 0x70, 0x61, 0x70, 0x72, 0x70, 0x70, 0x70, 0x20, 0x70, 0x73, 0x70,
    0x74, 0x70, 0x61, 0x70, 0x72, 0x70, 0x74, 0x70, 0x73, 0x70, 0x20, 0x70, 0x6F, 0x70, 0x76, 0x70, 0x65, 0x70, 0x72,
    0x70, 0x2E, 0x70, 0x20, 0x80, 0xB3, 0x70, 0x20, 0x70, 0x20, 0x70, 0x20, 0x80, 0xC4, 0x80, 0xC4, 0x80, 0xC4, 0x80,
    0xC4, 0x80, 0xC4, 0x80, 0xC4, 0x80, 0xC4, 0x80, 0xC4, 0x80, 0xC4, 0x80, 0xC4, 0x80, 0xC4, 0x80, 0xC4, 0x80, 0xC4,
    0x80, 0xC4, 0x80, 0xC4, 0x80, 0xC4, 0x80, 0xC4, 0x80, 0xC4, 0x80, 0xC4, 0x80, 0xC4, 0x80, 0xC4, 0x80, 0xC4, 0x80,
    0xC4, 0x80, 0xC4, 0x80, 0xC4, 0x80, 0xC4, 0x80, 0xB4, 0x80, 0x20, 0x80, 0x20, 0x80, 0x20, 0x70, 0x64, 0x70, 0x72,
    0x70, 0x69, 0x70, 0x76, 0x70, 0x65, 0x70, 0x20, 0x70, 0x26, 0x70, 0x20, 0xF0, 0x43, 0x70, 0x72, 0x70, 0x75, 0xF0,
    0x53, 0xF0, 0x48, 0x70, 0x20, 0x70, 0x20, 0x70, 0x20, 0x70, 0x20, 0x70, 0x20, 0x70, 0x20, 0x70, 0x20, 0x70, 0x20,
    0x70, 0x20, 0xC0, 0x61, 0xC0, 0x61, 0x70, 0x2D, 0xA0, 0x62, 0x80, 0xB3, 0xF0, 0x43, 0xF0, 0x53, 0xF0, 0x48, 0x70,
    0x53, 0x70, 0x65, 0x70, 0x74, 0x70, 0x20, 0x70, 0x44, 0x70, 0x72, 0x70, 0x69, 0x70, 0x76, 0x70, 0x65, 0x70, 0x20,
    0x70, 0x6C, 0x70, 0x65, 0x70, 0x76, 0x70, 0x65, 0x70, 0x6C, 0x70, 0x20, 0x70, 0x74, 0x70, 0x6F, 0x70, 0x20, 0xC0,
    0x61, 0xC0, 0x61, 0x70, 0x20, 0x70, 0x61, 0x70, 0x6E, 0x70, 0x64, 0x70, 0x20, 0x80, 0xB3, 0x70, 0x20, 0x70, 0x20,
    0xF0, 0x20, 0x70, 0x43, 0x70, 0x72, 0x70, 0x75, 0x70, 0x73, 0x70, 0x68, 0x70, 0x20, 0x70, 0x74, 0x70, 0x6F, 0x70,
    0x20, 0x70, 0x2D, 0xA0, 0x62, 0x70, 0x20, 0x80, 0x28, 0x80, 0x30, 0x80, 0x2D, 0x80, 0x46, 0x80, 0x29, 0x80, 0x20,
    0x80, 0x20, 0x80, 0x20, 0x80, 0x20, 0x80, 0x20, 0x80, 0x20, 0x80, 0x20, 0x80, 0x20, 0x80, 0x20, 0x80, 0xB3, 0x80,
    0x20, 0x80, 0x20, 0xF0, 0x20, 0x70, 0x20, 0x70, 0x20, 0x70, 0x20, 0x70, 0x20, 0x70, 0x20, 0x70, 0x20, 0x70, 0x20,
    0x70, 0x20, 0x70, 0x20, 0x70, 0x20, 0x70, 0x20, 0x70, 0x20, 0x70, 0x20, 0x70, 0x20, 0x70, 0x20, 0x70, 0x20, 0x70,
    0x20, 0x70, 0x20, 0x70, 0x20, 0x70, 0x20, 0x70, 0x20, 0x70, 0x20, 0x70, 0x20, 0x70, 0x20, 0x70, 0x20, 0x70, 0x20,
    0x80, 0xB3, 0x70, 0x20, 0x70, 0x20, 0x70, 0x20, 0x80, 0xC4, 0x80, 0xC4, 0x80, 0xC4, 0x80, 0xC4, 0x80, 0xC4, 0x80,
    0xC4, 0x80, 0xC4, 0x80, 0xC4, 0x80, 0xC4, 0x80, 0xC4, 0x80, 0xC4, 0x80, 0xC4, 0x80, 0xC4, 0x80, 0xC4, 0x80, 0xC4,
    0x80, 0xC4, 0x80, 0xC4, 0x80, 0xC4, 0x80, 0xC4, 0x80, 0xC4, 0x80, 0xC4, 0x80, 0xC4, 0x80, 0xC4, 0x80, 0xC4, 0x80,
    0xC4, 0x80, 0xC4, 0x80, 0xB4, 0x80, 0x20, 0x80, 0x20, 0x80, 0x20, 0xF0, 0x44, 0x70, 0x65, 0xF0, 0x4C, 0x70, 0x61,
    0xF0, 0x59, 0x70, 0x20, 0x70, 0x20, 0x70, 0x20, 0x70, 0x20, 0x70, 0x20, 0x70, 0x20, 0x70, 0x20, 0x70, 0x20, 0x70,
    0x20, 0x70, 0x20, 0x70, 0x20, 0x70, 0x20, 0x70, 0x20, 0x70, 0x20, 0x70, 0x20, 0x70, 0x20, 0x70, 0x20, 0x70, 0x2D,
    0x70, 0x2D, 0x70, 0x2D, 0xC0, 0x61, 0x80, 0xB3, 0xF0, 0x44, 0xF0, 0x4C, 0xF0, 0x59, 0x70, 0x44, 0x70, 0x65, 0x70,
    0x6C, 0x70, 0x61, 0x70, 0x79, 0x70, 0x20, 0x70, 0x74, 0x70, 0x68, 0x70, 0x69, 0x70, 0x73, 0x70, 0x20, 0x70, 0x65,
    0x70, 0x76, 0x70, 0x65, 0x70, 0x6E, 0x70, 0x74, 0x70, 0x20, 0x70, 0x62, 0x70, 0x79, 0x70, 0x20, 0xC0, 0x61, 0x70,
    0x20, 0x70, 0x2B, 0x70, 0x20, 0x70, 0x31, 0x70, 0x20, 0x80, 0xB3, 0x70, 0x20, 0x70, 0x20, 0xF0, 0x20, 0x70, 0x73,
    0x70, 0x74, 0x70, 0x65, 0x70, 0x70, 0x70, 0x73, 0x70, 0x20, 0x70, 0x20, 0x70, 0x20, 0x70, 0x20, 0x70, 0x20, 0x70,
    0x20, 0x70, 0x20, 0x70, 0x20, 0x70, 0x20, 0x70, 0x20, 0x70, 0x20, 0x70, 0x20, 0x70, 0x20, 0x70, 0x20, 0x70, 0x20,
    0x70, 0x20, 0x70, 0x20, 0x70, 0x20, 0x70, 0x20, 0x70, 0x20, 0x70, 0x20, 0x80, 0xB3, 0x70, 0x20, 0x70, 0x20, 0xF0,
    0x20, 0x70, 0x20, 0x70, 0x20, 0x70, 0x20, 0x70, 0x20, 0x70, 0x20, 0x70, 0x20, 0x70, 0x20, 0x70, 0x20, 0x70, 0x20,
    0x70, 0x20, 0x70, 0x20, 0x70, 0x20, 0x70, 0x20, 0x70, 0x20, 0x70, 0x20, 0x70, 0x20, 0x70, 0x20, 0x70, 0x20, 0x70,
    0x20, 0x70, 0x20, 0x70, 0x20, 0x70, 0x20, 0x70, 0x20, 0x70, 0x20, 0x70, 0x20, 0x70, 0x20, 0x80, 0xB3, 0x70, 0x20,
    0x70, 0x20, 0x70, 0x20, 0x80, 0xC4, 0x80, 0xC4, 0x80, 0xC4, 0x80, 0xC4, 0x80, 0xC4, 0x80, 0xC4, 0x80, 0xC4, 0x80,
    0xC4, 0x80, 0xC4, 0x80, 0xC4, 0x80, 0xC4, 0x80, 0xC4, 0x80, 0xC4, 0x80, 0xC4, 0x80, 0xC4, 0x80, 0xC4, 0x80, 0xC4,
    0x80, 0xC4, 0x80, 0xC4, 0x80, 0xC4, 0x80, 0xC4, 0x80, 0xC4, 0x80, 0xC4, 0x80, 0xC4, 0x80, 0xC4, 0x80, 0xC4, 0x80,
    0xB4, 0x80, 0x20, 0x80, 0x20, 0x80, 0x20, 0xF0, 0x46, 0x70, 0x69, 0x70, 0x6C, 0x70, 0x74, 0x70, 0x65, 0x70, 0x72,
    0x70, 0x20, 0xF0, 0x43, 0x70, 0x75, 0xF0, 0x54, 0x70, 0x6F, 0x70, 0x66, 0x70, 0x66, 0x70, 0x20, 0x70, 0x20, 0x70,
    0x20, 0x70, 0x20, 0x70, 0x20, 0x70, 0x20, 0x70, 0x20, 0x70, 0x20, 0x70, 0x20, 0xC0, 0x61, 0xC0, 0x61, 0xA0, 0x62,
    0xA0, 0x62, 0x80, 0xB3, 0xF0, 0x46, 0xF0, 0x43, 0xF0, 0x54, 0x70, 0x4D, 0x70, 0x6F, 0x70, 0x76, 0x70, 0x65, 0x70,
    0x20, 0x70, 0x74, 0x70, 0x6F, 0x70, 0x77, 0x70, 0x61, 0x70, 0x72, 0x70, 0x64, 0x70, 0x73, 0x70, 0x20, 0x70, 0x74,
    0x70, 0x61, 0x70, 0x72, 0x70, 0x67, 0x70, 0x65, 0x70, 0x74, 0x70, 0x20, 0x70, 0x63, 0x70, 0x75, 0x70, 0x74, 0x70,
    0x6F, 0x70, 0x66, 0x70, 0x66, 0x80, 0xB3, 0x70, 0x20, 0x70, 0x20, 0xF0, 0x20, 0xA0, 0x62, 0xA0, 0x62, 0x70, 0x20,
    0x70, 0x61, 0x70, 0x74, 0x70, 0x20, 0x70, 0x72, 0x70, 0x61, 0x70, 0x74, 0x70, 0x65, 0x70, 0x20, 0xC0, 0x61, 0xC0,
    0x61, 0x70, 0x2E, 0x70, 0x20, 0x70, 0x20, 0x70, 0x20, 0x70, 0x20, 0x70, 0x20, 0x70, 0x20, 0x70, 0x20, 0x70, 0x20,
    0x70, 0x20, 0x70, 0x20, 0x70, 0x20, 0x70, 0x20, 0x80, 0xB3, 0x70, 0x20, 0x70, 0x20, 0xF0, 0x20, 0x70, 0x20, 0x70,
    0x20, 0x70, 0x20, 0x70, 0x20, 0x70, 0x20, 0x70, 0x20, 0x70, 0x20, 0x70, 0x20, 0x70, 0x20, 0x70, 0x20, 0x70, 0x20,
    0x70, 0x20, 0x70, 0x20, 0x70, 0x20, 0x70, 0x20, 0x70, 0x20, 0x70, 0x20, 0x70, 0x20, 0x70, 0x20, 0x70, 0x20, 0x70,
    0x20, 0x70, 0x20, 0x70, 0x20, 0x70, 0x20, 0x70, 0x20, 0x70, 0x20, 0x80, 0xB3, 0x70, 0x20, 0x70, 0x20, 0x70, 0x20,
    0x80, 0xC4, 0x80, 0xC4, 0x80, 0xC4, 0x80, 0xC4, 0x80, 0xC4, 0x80, 0xC4, 0x80, 0xC4, 0x80, 0xC4, 0x80, 0xC4, 0x80,
    0xC4, 0x80, 0xC4, 0x80, 0xC4, 0x80, 0xC4, 0x80, 0xC4, 0x80, 0xC4, 0x80, 0xC4, 0x80, 0xC4, 0x80, 0xC4, 0x80, 0xC4,
    0x80, 0xC4, 0x80, 0xC4, 0x80, 0xC4, 0x80, 0xC4, 0x80, 0xC4, 0x80, 0xC4, 0x80, 0xC4, 0x80, 0xB4, 0x80, 0x20, 0x80,
    0x20, 0x80, 0x20, 0xF0, 0x46, 0x70, 0x69, 0xF0, 0x4C, 0xF0, 0x54, 0x70, 0x65, 0x70, 0x72, 0x70, 0x20, 0x70, 0x20,
    0x70, 0x20, 0x70, 0x20, 0x70, 0x20, 0x70, 0x20, 0x70, 0x20, 0x70, 0x20, 0x70, 0x20, 0x70, 0x20, 0x70, 0x20, 0x70,
    0x20, 0x70, 0x20, 0x70, 0x20, 0x70, 0x20, 0x70, 0x20, 0xC0, 0x61, 0xC0, 0x61, 0xA0, 0x62, 0xA0, 0x62, 0x80, 0xB3,
    0xF0, 0x46, 0xF0, 0x4C, 0xF0, 0x54, 0x70, 0x53, 0x70, 0x65, 0x70, 0x74, 0x70, 0x20, 0x70, 0x66, 0x70, 0x69, 0x70,
    0x6C, 0x70, 0x74, 0x70, 0x65, 0x70, 0x72, 0x70, 0x20, 0x70, 0x63, 0x70, 0x75, 0x70, 0x74, 0x70, 0x6F, 0x70, 0x66,
    0x70, 0x66, 0x70, 0x20, 0xC0, 0x61, 0xC0, 0x61, 0x70, 0x20, 0x70, 0x61, 0x70, 0x6E, 0x70, 0x64, 0x70, 0x20, 0x70,
    0x20, 0x80, 0xB3, 0x70, 0x20, 0x70, 0x20, 0xF0, 0x20, 0x70, 0x72, 0x70, 0x65, 0x70, 0x73, 0x70, 0x6F, 0x70, 0x6E,
    0x70, 0x61, 0x70, 0x6E, 0x70, 0x63, 0x70, 0x65, 0x70, 0x20, 0xA0, 0x62, 0xA0, 0x62, 0xB0, 0x2E, 0xB0, 0x20, 0xB0,
    0x20, 0xB0, 0x20, 0xB0, 0x20, 0xB0, 0x20, 0xB0, 0x20, 0xB0, 0x20, 0xB0, 0x20, 0xB0, 0x20, 0xB0, 0x20, 0xB0, 0x20,
    0xB0, 0x20, 0xB0, 0x20, 0x80, 0xB3, 0xB0, 0x20, 0xB0, 0x20, 0xF0, 0x20, 0x70, 0x20, 0x70, 0x20, 0x70, 0x20, 0x70,
    0x20, 0x70, 0x20, 0x70, 0x20, 0x70, 0x20, 0x70, 0x20, 0x70, 0x20, 0x70, 0x20, 0x70, 0x20, 0x70, 0x20, 0x70, 0x20,
    0x70, 0x20, 0x70, 0x20, 0x70, 0x20, 0x70, 0x20, 0x70, 0x20, 0x70, 0x20, 0x70, 0x20, 0x70, 0x20, 0x70, 0x20, 0x70,
    0x20, 0x70, 0x20, 0x70, 0x20, 0x70, 0x20, 0x80, 0xB3, 0x70, 0x20, 0x70, 0x20, 0x70, 0x20, 0x80, 0xC4, 0x80, 0xC4,
    0x80, 0xC4, 0x80, 0xC4, 0x80, 0xC4, 0x80, 0xC4, 0x80, 0xC4, 0x80, 0xC4, 0x80, 0xC4, 0x80, 0xC4, 0x80, 0xC4, 0x80,
    0xC4, 0x80, 0xC4, 0x80, 0xC4, 0x80, 0xC4, 0x80, 0xC4, 0x80, 0xC4, 0x80, 0xC4, 0x80, 0xC4, 0x80, 0xC4, 0x80, 0xC4,
    0x80, 0xC4, 0x80, 0xC4, 0x80, 0xC4, 0x80, 0xC4, 0x80, 0xC4, 0x80, 0xB4, 0x80, 0x20, 0x80, 0x20, 0x80, 0x20, 0xF0,
    0x46, 0x70, 0x69, 0x70, 0x6C, 0x70, 0x74, 0x70, 0x65, 0x70, 0x72, 0x70, 0x20, 0x70, 0x26, 0x70, 0x20, 0xF0, 0x52,
    0x70, 0x65, 0xF0, 0x53, 0x70, 0x20, 0x70, 0x20, 0x70, 0x20, 0x70, 0x20, 0x70, 0x20, 0x70, 0x20, 0x70, 0x20, 0x70,
    0x20, 0x70, 0x20, 0xF0, 0x20, 0xC0, 0x61, 0xC0, 0x61, 0xA0, 0x62, 0xA0, 0x62, 0x80, 0xB3, 0xF0, 0x46, 0xF0, 0x52,
    0xF0, 0x53, 0x70, 0x73, 0x70, 0x70, 0x70, 0x65, 0x70, 0x65, 0x70, 0x64, 0x70, 0x20, 0xC0, 0x61, 0xC0, 0x61, 0x70,
    0x2C, 0x70, 0x20, 0x70, 0x72, 0x70, 0x65, 0x70, 0x73, 0x70, 0x6F, 0x70, 0x6E, 0x70, 0x61, 0x70, 0x6E, 0x70, 0x63,
    0x70, 0x65, 0x70, 0x20, 0xA0, 0x62, 0xA0, 0x62, 0x70, 0x20, 0x70, 0x20, 0x70, 0x20, 0x70, 0x20, 0x80, 0xB3, 0x70,
    0x20, 0x70, 0x20, 0xF0, 0x20, 0x70, 0x20, 0x70, 0x20, 0x70, 0x20, 0x70, 0x20, 0x70, 0x20, 0x70, 0x20, 0x70, 0x20,
    0x70, 0x20, 0x70, 0x20, 0x70, 0x20, 0x70, 0x20, 0x70, 0x20, 0x70, 0x20, 0x70, 0x20, 0x70, 0x20, 0x70, 0x20, 0x70,
    0x20, 0x70, 0x20, 0x70, 0x20, 0x70, 0x20, 0x70, 0x20, 0x70, 0x20, 0x70, 0x20, 0x70, 0x20, 0x70, 0x20, 0x70, 0x20,
    0x80, 0xB3, 0x70, 0x20, 0xF0, 0x20, 0x70, 0x20, 0x70, 0x20, 0x70, 0x20, 0x70, 0x20, 0x70, 0x20, 0x70, 0x20, 0x70,
    0x20, 0x70, 0x20, 0x70, 0x20, 0x70, 0x20, 0x70, 0x20, 0x70, 0x20, 0x70, 0x20, 0x70, 0x20, 0x70, 0x20, 0x70, 0x20,
    0x70, 0x20, 0x70, 0x20, 0x70, 0x20, 0x70, 0x20, 0x70, 0x20, 0x70, 0x20, 0x70, 0x20, 0x70, 0x20, 0x70, 0x20, 0x70,
    0x20, 0x70, 0x20, 0x80, 0xB3, 0x70, 0x20, 0x70, 0x20, 0x70, 0x20, 0x80, 0xC4, 0x80, 0xC4, 0x80, 0xC4, 0x80, 0xC4,
    0x80, 0xC4, 0x80, 0xC4, 0x80, 0xC4, 0x80, 0xC4, 0x80, 0xC4, 0x80, 0xC4, 0x80, 0xC4, 0x80, 0xC4, 0x80, 0xC4, 0x80,
    0xC4, 0x80, 0xC4, 0x80, 0xC4, 0x80, 0xC4, 0x80, 0xC4, 0x80, 0xC4, 0x80, 0xC4, 0x80, 0xC4, 0x80, 0xC4, 0x80, 0xC4,
    0x80, 0xC4, 0x80, 0xC4, 0x80, 0xC4, 0x80, 0xB4, 0x80, 0x20, 0x80, 0x20, 0x80, 0x20, 0xF0, 0x47, 0x70, 0x61, 0x70,
    0x74, 0x70, 0x65, 0xF0, 0x4F, 0xF0, 0x46, 0x70, 0x66, 0x70, 0x20, 0x70, 0x20, 0x70, 0x20, 0x70, 0x20, 0x70, 0x20,
    0x70, 0x20, 0x70, 0x20, 0x70, 0x20, 0x70, 0x20, 0x70, 0x20, 0x70, 0x20, 0x70, 0x20, 0x70, 0x20, 0x70, 0x20, 0x70,
    0x20, 0x70, 0x2D, 0x70, 0x2D, 0x70, 0x2D, 0x70, 0x2D, 0x80, 0xB3, 0xF0, 0x47, 0xF0, 0x4F, 0xF0, 0x46, 0x70, 0x53,
    0x70, 0x79, 0x70, 0x6E, 0x70, 0x74, 0x70, 0x68, 0x70, 0x20, 0x70, 0x6F, 0x70, 0x6E, 0x70, 0x6C, 0x70, 0x79, 0x70,
    0x21, 0x70, 0x20, 0x70, 0x20, 0x70, 0x20, 0x70, 0x20, 0x70, 0x20, 0x70, 0x20, 0x70, 0x20, 0x70, 0x20, 0x70, 0x20,
    0x70, 0x20, 0x70, 0x20, 0x70, 0x20, 0x70, 0x20, 0x70, 0x20, 0x70, 0x20, 0x80, 0xB3, 0x70, 0x20, 0xF0, 0x20, 0xF0,
    0x20, 0x70, 0x20, 0x70, 0x20, 0x70, 0x20, 0x70, 0x20, 0x70, 0x20, 0x70, 0x20, 0x70, 0x20, 0x70, 0x20, 0x70, 0x20,
    0x70, 0x20, 0x70, 0x20, 0x70, 0x20, 0x70, 0x20, 0x70, 0x20, 0x70, 0x20, 0x70, 0x20, 0x70, 0x20, 0x70, 0x20, 0x70,
    0x20, 0x70, 0x20, 0x70, 0x20, 0x70, 0x20, 0x70, 0x20, 0x70, 0x20, 0x70, 0x20, 0x70, 0x20, 0x80, 0xB3, 0x70, 0x20,
    0x70, 0x20, 0xF0, 0x20, 0x70, 0x20, 0x70, 0x20, 0x70, 0x20, 0x70, 0x20, 0x70, 0x20, 0x70, 0x20, 0x70, 0x20, 0x70,
    0x20, 0x70, 0x20, 0x70, 0x20, 0x70, 0x20, 0x70, 0x20, 0x70, 0x20, 0x70, 0x20, 0x70, 0x20, 0x70, 0x20, 0x70, 0x20,
    0x70, 0x20, 0x70, 0x20, 0x70, 0x20, 0x70, 0x20, 0x70, 0x20, 0x70, 0x20, 0x70, 0x20, 0x70, 0x20, 0x70, 0x20, 0x80,
    0xB3, 0x70, 0x20, 0x70, 0x20, 0x70, 0x20, 0x80, 0xC4, 0x80, 0xC4, 0x80, 0xC4, 0x80, 0xC4, 0x80, 0xC4, 0x80, 0xC4,
    0x80, 0xC4, 0x80, 0xC4, 0x80, 0xC4, 0x80, 0xC4, 0x80, 0xC4, 0x80, 0xC4, 0x80, 0xC4, 0x80, 0xC4, 0x80, 0xC4, 0x80,
    0xC4, 0x80, 0xC4, 0x80, 0xC4, 0x80, 0xC4, 0x80, 0xC4, 0x80, 0xC4, 0x80, 0xC4, 0x80, 0xC4, 0x80, 0xC4, 0x80, 0xC4,
    0x80, 0xC4, 0x80, 0xB4, 0x80, 0x20, 0x80, 0x20, 0x80, 0x20, 0xF0, 0x47, 0xF0, 0x52, 0x70, 0x6F, 0x70, 0x6F, 0xF0,
    0x56, 0x70, 0x65, 0x70, 0x20, 0x70, 0x20, 0x70, 0x20, 0x70, 0x20, 0x70, 0x20, 0x70, 0x20, 0x70, 0x20, 0x70, 0x20,
    0x70, 0x20, 0x70, 0x20, 0x70, 0x20, 0x70, 0x20, 0x70, 0x20, 0x70, 0x20, 0x70, 0x20, 0x70, 0x20, 0xC0, 0x61, 0xC0,
    0x61, 0xA0, 0x62, 0xA0, 0x62, 0x80, 0xB3, 0xF0, 0x47, 0xF0, 0x52, 0xF0, 0x56, 0x70, 0x73, 0x70, 0x65, 0x70, 0x74,
    0x70, 0x20, 0xA0, 0x62, 0xA0, 0x62, 0x70, 0x2E, 0x70, 0x20, 0x70, 0x49, 0x70, 0x66, 0x70, 0x20, 0xC0, 0x61, 0xC0,
    0x61, 0x70, 0x20, 0x70, 0x3E, 0x70, 0x20, 0x70, 0x30, 0x70, 0x20, 0x70, 0x73, 0x70, 0x65, 0x70, 0x74, 0x70, 0x20,
    0x70, 0x74, 0x70, 0x68, 0x70, 0x69, 0x70, 0x73, 0x80, 0xB3, 0x70, 0x20, 0x70, 0x20, 0x70, 0x20, 0x70, 0x67, 0x70,
    0x72, 0x70, 0x6F, 0x70, 0x6F, 0x70, 0x76, 0x70, 0x65, 0x70, 0x20, 0x70, 0x6F, 0x70, 0x6E, 0x70, 0x20, 0x70, 0x61,
    0x70, 0x6C, 0x70, 0x6C, 0x70, 0x20, 0x70, 0x74, 0x70, 0x72, 0x70, 0x61, 0x70, 0x63, 0x70, 0x6B, 0x70, 0x73, 0x70,
    0x20, 0x70, 0x20, 0x70, 0x20, 0x70, 0x20, 0x70, 0x20, 0x70, 0x20, 0x80, 0xB3, 0x70, 0x20, 0x70, 0x20, 0x70, 0x20,
    0x70, 0x20, 0x70, 0x20, 0x70, 0x20, 0x70, 0x20, 0x70, 0x20, 0x70, 0x20, 0x70, 0x20, 0x70, 0x20, 0x70, 0x20, 0x70,
    0x20, 0x70, 0x20, 0x70, 0x20, 0x70, 0x20, 0x70, 0x20, 0x70, 0x20, 0x70, 0x20, 0x70, 0x20, 0x70, 0x20, 0x70, 0x20,
    0x70, 0x20, 0x70, 0x20, 0x70, 0x20, 0x70, 0x20, 0x70, 0x20, 0x70, 0x20, 0x70, 0x20, 0x80, 0xB3, 0x70, 0x20, 0x70,
    0x20, 0x70, 0x20, 0x80, 0xC4, 0x80, 0xC4, 0x80, 0xC4, 0x80, 0xC4, 0x80, 0xC4, 0x80, 0xC4, 0x80, 0xC4, 0x80, 0xC4,
    0x80, 0xC4, 0x80, 0xC4, 0x80, 0xC4, 0x80, 0xC4, 0x80, 0xC4, 0x80, 0xC4, 0x80, 0xC4, 0x80, 0xC4, 0x80, 0xC4, 0x80,
    0xC4, 0x80, 0xC4, 0x80, 0xC4, 0x80, 0xC4, 0x80, 0xC4, 0x80, 0xC4, 0x80, 0xC4, 0x80, 0xC4, 0x80, 0xC4, 0x80, 0xB4,
    0x80, 0x20, 0x80, 0x20, 0x80, 0x20, 0xF0, 0x48, 0xF0, 0x4F, 0xF0, 0x50, 0x70, 0x20, 0x70, 0x20, 0x70, 0x20, 0x70,
    0x20, 0x70, 0x20, 0x70, 0x20, 0x70, 0x20, 0x70, 0x20, 0x70, 0x20, 0x70, 0x20, 0x70, 0x20, 0x70, 0x20, 0x70, 0x20,
    0x70, 0x20, 0x70, 0x20, 0x70, 0x20, 0x70, 0x20, 0x70, 0x20, 0x70, 0x20, 0xC0, 0x61, 0xC0, 0x61, 0xA0, 0x62, 0xA0,
    0x62, 0x80, 0xB3, 0xF0, 0x48, 0xF0, 0x4F, 0xF0, 0x50, 0x70, 0x48, 0x70, 0x6F, 0x70, 0x70, 0x70, 0x20, 0x70, 0x74,
    0x70, 0x6F, 0x70, 0x20, 0x70, 0x73, 0x70, 0x74, 0x70, 0x65, 0x70, 0x70, 0x70, 0x20, 0xA0, 0x62, 0xA0, 0x62, 0x70,
    0x20, 0x70, 0x66, 0x70, 0x6F, 0x70, 0x72, 0x70, 0x20, 0xC0, 0x61, 0xC0, 0x61, 0x70, 0x20, 0x70, 0x20, 0x70, 0x20,
    0x70, 0x20, 0x70, 0x20, 0x80, 0xB3, 0x70, 0x20, 0x70, 0x20, 0x70, 0x20, 0x70, 0x74, 0x70, 0x69, 0x70, 0x6D, 0x70,
    0x65, 0x70, 0x73, 0x70, 0x2E, 0x70, 0x20, 0x70, 0x20, 0x70, 0x20, 0x70, 0x20, 0x70, 0x20, 0x70, 0x20, 0x70, 0x20,
    0x70, 0x20, 0x70, 0x20, 0x70, 0x20, 0x70, 0x20, 0x70, 0x20, 0x70, 0x20, 0x70, 0x20, 0x70, 0x20, 0x70, 0x20, 0x70,
    0x20, 0x70, 0x20, 0x70, 0x20, 0x70, 0x20, 0x80, 0xB3, 0x70, 0x20, 0x70, 0x20, 0x70, 0x20, 0x70, 0x20, 0x70, 0x20,
    0x70, 0x20, 0x70, 0x20, 0x70, 0x20, 0x70, 0x20, 0x70, 0x20, 0x70, 0x20, 0x70, 0x20, 0x70, 0x20, 0x70, 0x20, 0x70,
    0x20, 0x70, 0x20, 0x70, 0x20, 0x70, 0x20, 0x70, 0x20, 0x70, 0x20, 0x70, 0x20, 0x70, 0x20, 0x70, 0x20, 0x70, 0x20,
    0x70, 0x20, 0x70, 0x20, 0x70, 0x20, 0x70, 0x20, 0x70, 0x20, 0x80, 0xB3, 0x70, 0x20, 0x70, 0x20, 0x70, 0x20, 0x80,
    0xC4, 0x80, 0xC4, 0x80, 0xC4, 0x80, 0xC4, 0x80, 0xC4, 0x80, 0xC4, 0x80, 0xC4, 0x80, 0xC4, 0x80, 0xC4, 0x80, 0xC4,
    0x80, 0xC4, 0x80, 0xC4, 0x80, 0xC4, 0x80, 0xC4, 0x80, 0xC4, 0x80, 0xC4, 0x80, 0xC4, 0x80, 0xC4, 0x80, 0xC4, 0x80,
    0xC4, 0x80, 0xC4, 0x80, 0xC4, 0x80, 0xC4, 0x80, 0xC4, 0x80, 0xC4, 0x80, 0xC4, 0x80, 0xB4, 0x80, 0x20, 0x80, 0x20,
    0x80, 0x20, 0xF0, 0x49, 0x70, 0x6E, 0x70, 0x73, 0x70, 0x74, 0x70, 0x72, 0x70, 0x75, 0x70, 0x6D, 0x70, 0x65, 0x70,
    0x6E, 0x70, 0x74, 0x70, 0x20, 0xF0, 0x52, 0x70, 0x65, 0xF0, 0x54, 0x70, 0x72, 0x70, 0x69, 0x70, 0x67, 0x70, 0x67,
    0x70, 0x65, 0x70, 0x72, 0x70, 0x20, 0x70, 0x20, 0x70, 0x2D, 0x70, 0x2D, 0xA0, 0x62, 0xA0, 0x62, 0x80, 0xB3, 0xF0,
    0x49, 0xF0, 0x52, 0xF0, 0x54, 0x70, 0x72, 0x70, 0x65, 0x70, 0x74, 0x70, 0x72, 0x70, 0x69, 0x70, 0x67, 0x70, 0x67,
    0x70, 0x65, 0x70, 0x72, 0x70, 0x20, 0x70, 0x26, 0x70, 0x20, 0x70, 0x74, 0x70, 0x72, 0x70, 0x61, 0x70, 0x6E, 0x70,
    0x73, 0x70, 0x70, 0x70, 0x6F, 0x70, 0x73, 0x70, 0x65, 0x70, 0x20, 0x70, 0x62, 0x70, 0x79, 0x70, 0x20, 0x70, 0x20,
    0x80, 0xB3, 0x70, 0x20, 0x70, 0x20, 0x70, 0x20, 0xA0, 0x62, 0xA0, 0x62, 0x70, 0x20, 0x70, 0x73, 0x70, 0x65, 0x70,
    0x6D, 0x70, 0x69, 0x70, 0x74, 0x70, 0x6F, 0x70, 0x6E, 0x70, 0x65, 0x70, 0x73, 0x70, 0x20, 0x70, 0x20, 0x70, 0x20,
    0x70, 0x20, 0x70, 0x20, 0x70, 0x20, 0x70, 0x20, 0x70, 0x20, 0x70, 0x20, 0x70, 0x20, 0x70, 0x20, 0x70, 0x20, 0x70,
    0x20, 0x70, 0x20, 0x80, 0xB3, 0x70, 0x20, 0x70, 0x20, 0x70, 0x20, 0x70, 0x20, 0x70, 0x20, 0x70, 0x20, 0x70, 0x20,
    0x70, 0x20, 0x70, 0x20, 0x70, 0x20, 0x70, 0x20, 0x70, 0x20, 0x70, 0x20, 0x70, 0x20, 0x70, 0x20, 0x70, 0x20, 0x70,
    0x20, 0x70, 0x20, 0x70, 0x20, 0x70, 0x20, 0x70, 0x20, 0x70, 0x20, 0x70, 0x20, 0x70, 0x20, 0x70, 0x20, 0x70, 0x20,
    0x70, 0x20, 0x70, 0x20, 0x70, 0x20, 0x80, 0xB3, 0x70, 0x20, 0x70, 0x20, 0x70, 0x20, 0x80, 0xC4, 0x80, 0xC4, 0x80,
    0xC4, 0x80, 0xC4, 0x80, 0xC4, 0x80, 0xC4, 0x80, 0xC4, 0x80, 0xC4, 0x80, 0xC4, 0x80, 0xC4, 0x80, 0xC4, 0x80, 0xC4,
    0x80, 0xC4, 0x80, 0xC4, 0x80, 0xC4, 0x80, 0xC4, 0x80, 0xC4, 0x80, 0xC4, 0x80, 0xC4, 0x80, 0xC4, 0x80, 0xC4, 0x80,
    0xC4, 0x80, 0xC4, 0x80, 0xC4, 0x80, 0xC4, 0x80, 0xC4, 0x80, 0xB4, 0x80, 0x20, 0x80, 0x20, 0x80, 0x20, 0xF0, 0x4B,
    0xF0, 0x49, 0xF0, 0x4C, 0x70, 0x6C, 0x70, 0x20, 0x70, 0x20, 0x70, 0x20, 0x70, 0x20, 0x70, 0x20, 0x70, 0x20, 0x70,
    0x20, 0x70, 0x20, 0x70, 0x20, 0x70, 0x20, 0x70, 0x20, 0x70, 0x20, 0x70, 0x20, 0x70, 0x20, 0x70, 0x20, 0x70, 0x20,
    0x70, 0x20, 0x70, 0x20, 0x70, 0x2D, 0x70, 0x2D, 0xC0, 0x61, 0xC0, 0x61, 0x80, 0xB3, 0xF0, 0x4B, 0xF0, 0x49, 0xF0,
    0x4C, 0x70, 0x53, 0x70, 0x74, 0x70, 0x6F, 0x70, 0x70, 0x70, 0x20, 0x70, 0x73, 0x70, 0x6F, 0x70, 0x6E, 0x70, 0x67,
    0x70, 0x20, 0x70, 0x70, 0x70, 0x6C, 0x70, 0x61, 0x70, 0x79, 0x70, 0x62, 0x70, 0x61, 0x70, 0x63, 0x70, 0x6B, 0x70,
    0x20, 0x70, 0x61, 0x70, 0x66, 0x70, 0x74, 0x70, 0x65, 0x70, 0x72, 0x70, 0x20, 0x70, 0x20, 0x80, 0xB3, 0x70, 0x20,
    0x70, 0x20, 0x70, 0x20, 0xC0, 0x61, 0xC0, 0x61, 0x70, 0x20, 0x70, 0x74, 0x70, 0x69, 0x70, 0x63, 0x70, 0x6B, 0x70,
    0x73, 0x70, 0x2E, 0x70, 0x20, 0x70, 0x20, 0x70, 0x20, 0x70, 0x20, 0x70, 0x20, 0x70, 0x20, 0x70, 0x20, 0x70, 0x20,
    0x70, 0x20, 0x70, 0x20, 0x70, 0x20, 0x70, 0x20, 0x70, 0x20, 0x70, 0x20, 0x70, 0x20, 0x70, 0x20, 0x70, 0x20, 0x80,
    0xB3, 0x70, 0x20, 0x70, 0x20, 0x70, 0x20, 0x70, 0x20, 0x70, 0x20, 0x70, 0x20, 0x70, 0x20, 0x70, 0x20, 0x70, 0x20,
    0x70, 0x20, 0x70, 0x20, 0x70, 0x20, 0x70, 0x20, 0x70, 0x20, 0x70, 0x20, 0x70, 0x20, 0x70, 0x20, 0x70, 0x20, 0x70,
    0x20, 0x70, 0x20, 0x70, 0x20, 0x70, 0x20, 0x70, 0x20, 0x70, 0x20, 0x70, 0x20, 0x70, 0x20, 0x70, 0x20, 0x70, 0x20,
    0x70, 0x20, 0x80, 0xB3, 0x70, 0x20, 0x70, 0x20, 0x70, 0x20, 0x80, 0xC4, 0x80, 0xC4, 0x80, 0xC4, 0x80, 0xC4, 0x80,
    0xC4, 0x80, 0xC4, 0x80, 0xC4, 0x80, 0xC4, 0x80, 0xC4, 0x80, 0xC4, 0x80, 0xC4, 0x80, 0xC4, 0x80, 0xC4, 0x80, 0xC4,
    0x80, 0xC4, 0x80, 0xC4, 0x80, 0xC4, 0x80, 0xC4, 0x80, 0xC4, 0x80, 0xC4, 0x80, 0xC4, 0x80, 0xC4, 0x80, 0xC4, 0x80,
    0xC4, 0x80, 0xC4, 0x80, 0xC4, 0x80, 0xB4, 0x80, 0x20, 0x80, 0x20, 0x80, 0x20, 0xF0, 0x4C, 0xF0, 0x45, 0xF0, 0x47,
    0x70, 0x61, 0x70, 0x74, 0x70, 0x6F, 0x70, 0x20, 0x70, 0x20, 0x70, 0x20, 0x70, 0x20, 0x70, 0x20, 0x70, 0x20, 0x70,
    0x20, 0x70, 0x20, 0x70, 0x20, 0x70, 0x20, 0x70, 0x20, 0x70, 0x20, 0x70, 0x20, 0x70, 0x20, 0x70, 0x20, 0x70, 0x20,
    0xC0, 0x61, 0xC0, 0x61, 0xA0, 0x62, 0xA0, 0x62, 0x80, 0xB3, 0xF0, 0x4C, 0xF0, 0x45, 0xF0, 0x47, 0x70, 0x53, 0x70,
    0x6C, 0x70, 0x69, 0x70, 0x64, 0x70, 0x65, 0x70, 0x20, 0x70, 0x74, 0x70, 0x6F, 0x70, 0x20, 0x70, 0x70, 0x70, 0x69,
    0x70, 0x74, 0x70, 0x63, 0x70, 0x68, 0x70, 0x20, 0xA0, 0x62, 0xA0, 0x62, 0x70, 0x20, 0x70, 0x61, 0x70, 0x74, 0x70,
    0x20, 0x70, 0x73, 0x70, 0x70, 0x70, 0x65, 0x70, 0x65, 0x70, 0x64, 0x80, 0xB3, 0x70, 0x20, 0x70, 0x20, 0x70, 0x20,
    0xC0, 0x61, 0xC0, 0x61, 0x70, 0x2E, 0x70, 0x20, 0x70, 0x20, 0x70, 0x20, 0x70, 0x20, 0x70, 0x20, 0x70, 0x20, 0x70,
    0x20, 0x70, 0x20, 0x70, 0x20, 0x70, 0x20, 0x70, 0x20, 0x70, 0x20, 0x70, 0x20, 0x70, 0x20, 0x70, 0x20, 0x70, 0x20,
    0x70, 0x20, 0x70, 0x20, 0x70, 0x20, 0x70, 0x20, 0x70, 0x20, 0x70, 0x20, 0x70, 0x20, 0x80, 0xB3, 0x70, 0x20, 0x70,
    0x20, 0x70, 0x20, 0x70, 0x20, 0x70, 0x20, 0x70, 0x20, 0x70, 0x20, 0x70, 0x20, 0x70, 0x20, 0x70, 0x20, 0x70, 0x20,
    0x70, 0x20, 0x70, 0x20, 0x70, 0x20, 0x70, 0x20, 0x70, 0x20, 0x70, 0x20, 0x70, 0x20, 0x70, 0x20, 0x70, 0x20, 0x70,
    0x20, 0x70, 0x20, 0x70, 0x20, 0x70, 0x20, 0x70, 0x20, 0x70, 0x20, 0x70, 0x20, 0x70, 0x20, 0x70, 0x20, 0x80, 0xB3,
    0x70, 0x20, 0x70, 0x20, 0x70, 0x20, 0x80, 0xC4, 0x80, 0xC4, 0x80, 0xC4, 0x80, 0xC4, 0x80, 0xC4, 0x80, 0xC4, 0x80,
    0xC4, 0x80, 0xC4, 0x80, 0xC4, 0x80, 0xC4, 0x80, 0xC4, 0x80, 0xC4, 0x80, 0xC4, 0x80, 0xC4, 0x80, 0xC4, 0x80, 0xC4,
    0x80, 0xC4, 0x80, 0xC4, 0x80, 0xC4, 0x80, 0xC4, 0x80, 0xC4, 0x80, 0xC4, 0x80, 0xC4, 0x80, 0xC4, 0x80, 0xC4, 0x80,
    0xC4, 0x80, 0xB4, 0x80, 0x20, 0x80, 0x20, 0x80, 0x20, 0xF0, 0x4C, 0x70, 0x6F, 0x70, 0x6F, 0x70, 0x70, 0x70, 0x20,
    0xF0, 0x4F, 0xF0, 0x46, 0x70, 0x73, 0x70, 0x65, 0x70, 0x74, 0x70, 0x20, 0x70, 0x20, 0x70, 0x20, 0x70, 0x20, 0x70,
    0x20, 0x70, 0x20, 0x70, 0x20, 0x70, 0x20, 0x70, 0x20, 0x70, 0x20, 0x70, 0x20, 0x70, 0x20, 0xC0, 0x61, 0xC0, 0x61,
    0xC0, 0x61, 0xC0, 0x61, 0x80, 0xB3, 0xF0, 0x4C, 0xF0, 0x4F, 0xF0, 0x46, 0x70, 0x53, 0x70, 0x68, 0x70, 0x69, 0x70,
    0x66, 0x70, 0x74, 0x70, 0x20, 0x70, 0x6C, 0x70, 0x6F, 0x70, 0x6F, 0x70, 0x70, 0x70, 0x20, 0x70, 0x73, 0x70, 0x74,
    0x70, 0x61, 0x70, 0x72, 0x70, 0x74, 0x70, 0x20, 0x70, 0x26, 0x70, 0x20, 0x70, 0x65, 0x70, 0x6E, 0x70, 0x64, 0x70,
    0x20, 0x70, 0x20, 0x70, 0x20, 0x70, 0x20, 0x80, 0xB3, 0x70, 0x20, 0x70, 0x20, 0x70, 0x20, 0x70, 0x76, 0x70, 0x61,
    0x70, 0x6C, 0x70, 0x75, 0x70, 0x65, 0x70, 0x73, 0x70, 0x20, 0x70, 0x62, 0x70, 0x79, 0x70, 0x20, 0xC0, 0x61, 0xC0,
    0x61, 0xC0, 0x61, 0xC0, 0x61, 0x70, 0x20, 0x70, 0x20, 0x70, 0x20, 0x70, 0x20, 0x70, 0x20, 0x70, 0x20, 0x70, 0x20,
    0x70, 0x20, 0x70, 0x20, 0x70, 0x20, 0x70, 0x20, 0x70, 0x20, 0x80, 0xB3, 0x70, 0x20, 0x70, 0x20, 0x70, 0x20, 0x70,
    0x20, 0x70, 0x20, 0x70, 0x20, 0x70, 0x20, 0x70, 0x20, 0x70, 0x20, 0x70, 0x20, 0x70, 0x20, 0x70, 0x20, 0x70, 0x20,
    0x70, 0x20, 0x70, 0x20, 0x70, 0x20, 0x70, 0x20, 0x70, 0x20, 0x70, 0x20, 0x70, 0x20, 0x70, 0x20, 0x70, 0x20, 0x70,
    0x20, 0x70, 0x20, 0x70, 0x20, 0x70, 0x20, 0x70, 0x20, 0x70, 0x20, 0x70, 0x20, 0x80, 0xB3, 0x70, 0x20, 0x70, 0x20,
    0x70, 0x20, 0x80, 0xC4, 0x80, 0xC4, 0x80, 0xC4, 0x80, 0xC4, 0x80, 0xC4, 0x80, 0xC4, 0x80, 0xC4, 0x80, 0xC4, 0x80,
    0xC4, 0x80, 0xC4, 0x80, 0xC4, 0x80, 0xC4, 0x80, 0xC4, 0x80, 0xC4, 0x80, 0xC4, 0x80, 0xC4, 0x80, 0xC4, 0x80, 0xC4,
    0x80, 0xC4, 0x80, 0xC4, 0x80, 0xC4, 0x80, 0xC4, 0x80, 0xC4, 0x80, 0xC4, 0x80, 0xC4, 0x80, 0xC4, 0x80, 0xB4, 0x80,
    0x20, 0x80, 0x20, 0x80, 0x20, 0xF0, 0x4D, 0x70, 0x69, 0x70, 0x64, 0x70, 0x69, 0x70, 0x20, 0xF0, 0x43, 0xF0, 0x43,
    0x70, 0x20, 0x70, 0x20, 0x70, 0x20, 0x70, 0x20, 0x70, 0x20, 0x70, 0x20, 0x70, 0x20, 0x70, 0x20, 0x70, 0x20, 0x70,
    0x20, 0x70, 0x20, 0x70, 0x20, 0x70, 0x20, 0x70, 0x20, 0x70, 0x20, 0xC0, 0x61, 0xC0, 0x61, 0xA0, 0x62, 0xA0, 0x62,
    0x80, 0xB3, 0xF0, 0x4D, 0xF0, 0x43, 0xF0, 0x43, 0x70, 0x43, 0x70, 0x43, 0x70, 0x20, 0x70, 0x6D, 0x70, 0x65, 0x70,
    0x73, 0x70, 0x73, 0x70, 0x61, 0x70, 0x67, 0x70, 0x65, 0x70, 0x20, 0xC0, 0x61, 0xC0, 0x61, 0x70, 0x20, 0x70, 0x76,
    0x70, 0x61, 0x70, 0x6C, 0x70, 0x75, 0x70, 0x65, 0x70, 0x20, 0xA0, 0x62, 0xA0, 0x62, 0x70, 0x20, 0x70, 0x20, 0x70,
    0x20, 0x70, 0x20, 0x80, 0xB3, 0x70, 0x20, 0x70, 0x20, 0x70, 0x20, 0x70, 0x20, 0x70, 0x20, 0x70, 0x20, 0x70, 0x20,
    0x70, 0x20, 0x70, 0x20, 0x70, 0x20, 0x70, 0x20, 0x70, 0x20, 0x70, 0x20, 0x70, 0x20, 0x70, 0x20, 0x70, 0x20, 0x70,
    0x20, 0x70, 0x20, 0x70, 0x20, 0x70, 0x20, 0x70, 0x20, 0x70, 0x20, 0x70, 0x20, 0x70, 0x20, 0x70, 0x20, 0x70, 0x20,
    0x70, 0x20, 0x70, 0x20, 0x70, 0x20, 0x80, 0xB3, 0x70, 0x20, 0x70, 0x20, 0x70, 0x20, 0x70, 0x20, 0x70, 0x20, 0x70,
    0x20, 0x70, 0x20, 0x70, 0x20, 0x70, 0x20, 0x70, 0x20, 0x70, 0x20, 0x70, 0x20, 0x70, 0x20, 0x70, 0x20, 0x70, 0x20,
    0x70, 0x20, 0x70, 0x20, 0x70, 0x20, 0x70, 0x20, 0x70, 0x20, 0x70, 0x20, 0x70, 0x20, 0x70, 0x20, 0x70, 0x20, 0x70,
    0x20, 0x70, 0x20, 0x70, 0x20, 0x70, 0x20, 0x70, 0x20, 0x80, 0xB3, 0x70, 0x20, 0x70, 0x20, 0x70, 0x20, 0x80, 0xC4,
    0x80, 0xC4, 0x80, 0xC4, 0x80, 0xC4, 0x80, 0xC4, 0x80, 0xC4, 0x80, 0xC4, 0x80, 0xC4, 0x80, 0xC4, 0x80, 0xC4, 0x80,
    0xC4, 0x80, 0xC4, 0x80, 0xC4, 0x80, 0xC4, 0x80, 0xC4, 0x80, 0xC4, 0x80, 0xC4, 0x80, 0xC4, 0x80, 0xC4, 0x80, 0xC4,
    0x80, 0xC4, 0x80, 0xC4, 0x80, 0xC4, 0x80, 0xC4, 0x80, 0xC4, 0x80, 0xC4, 0x80, 0xB4, 0x80, 0x20, 0x80, 0x20, 0x80,
    0x20, 0xF0, 0x4D, 0x70, 0x69, 0x70, 0x64, 0x70, 0x69, 0x70, 0x20, 0xF0, 0x43, 0xF0, 0x48, 0x70, 0x6F, 0x70, 0x72,
    0x70, 0x64, 0x70, 0x20, 0x70, 0x20, 0x70, 0x20, 0x70, 0x20, 0x70, 0x20, 0x70, 0x20, 0x70, 0x20, 0x70, 0x20, 0x70,
    0x20, 0x70, 0x20, 0x70, 0x20, 0x70, 0x20, 0xC0, 0x61, 0xA0, 0x62, 0xE0, 0x63, 0x90, 0x64, 0x80, 0xB3, 0xF0, 0x4D,
    0xF0, 0x43, 0xF0, 0x48, 0x70, 0x50, 0x70, 0x6C, 0x70, 0x61, 0x70, 0x79, 0x70, 0x20, 0x70, 0x61, 0x70, 0x20, 0x70,
    0x63, 0x70, 0x68, 0x70, 0x6F, 0x70, 0x72, 0x70, 0x64, 0x70, 0x20, 0x70, 0x77, 0x70, 0x69, 0x70, 0x74, 0x70, 0x68,
    0x70, 0x20, 0x70, 0x74, 0x70, 0x68, 0x70, 0x65, 0x70, 0x20, 0x70, 0x72, 0x70, 0x65, 0x70, 0x6C, 0x70, 0x2D, 0x80,
    0xB3, 0x70, 0x20, 0x70, 0x20, 0x70, 0x20, 0x70, 0x61, 0x70, 0x74, 0x70, 0x69, 0x70, 0x76, 0x70, 0x65, 0x70, 0x20,
    0x70, 0x70, 0x70, 0x69, 0x70, 0x74, 0x70, 0x63, 0x70, 0x68, 0x70, 0x65, 0x70, 0x73, 0x70, 0x20, 0x70, 0x2B, 0xC0,
    0x61, 0x70, 0x2C, 0x70, 0x2B, 0xA0, 0x62, 0x70, 0x2C, 0x70, 0x2B, 0xE0, 0x63, 0x70, 0x2C, 0x70, 0x2B, 0x90, 0x64,
    0x70, 0x20, 0x80, 0xB3, 0x70, 0x20, 0x70, 0x20, 0x70, 0x20, 0x70, 0x20, 0x70, 0x20, 0x70, 0x20, 0x70, 0x20, 0x70,
    0x20, 0x70, 0x20, 0x70, 0x20, 0x70, 0x20, 0x70, 0x20, 0x70, 0x20, 0x70, 0x20, 0x70, 0x20, 0x70, 0x20, 0x70, 0x20,
    0x70, 0x20, 0x70, 0x20, 0x70, 0x20, 0x70, 0x20, 0x70, 0x20, 0x70, 0x20, 0x70, 0x20, 0x70, 0x20, 0x70, 0x20, 0x70,
    0x20, 0x70, 0x20, 0x70, 0x20, 0x80, 0xB3, 0x70, 0x20, 0x70, 0x20, 0x70, 0x20, 0x80, 0xC4, 0x80, 0xC4, 0x80, 0xC4,
    0x80, 0xC4, 0x80, 0xC4, 0x80, 0xC4, 0x80, 0xC4, 0x80, 0xC4, 0x80, 0xC4, 0x80, 0xC4, 0x80, 0xC4, 0x80, 0xC4, 0x80,
    0xC4, 0x80, 0xC4, 0x80, 0xC4, 0x80, 0xC4, 0x80, 0xC4, 0x80, 0xC4, 0x80, 0xC4, 0x80, 0xC4, 0x80, 0xC4, 0x80, 0xC4,
    0x80, 0xC4, 0x80, 0xC4, 0x80, 0xC4, 0x80, 0xC4, 0x80, 0xB4, 0x80, 0x20, 0x80, 0x20, 0x80, 0x20, 0xF0, 0x4D, 0x70,
    0x69, 0x70, 0x64, 0x70, 0x69, 0x70, 0x20, 0xF0, 0x50, 0x70, 0x72, 0x70, 0x6F, 0x70, 0x67, 0x70, 0x72, 0x70, 0x61,
    0x70, 0x6D, 0x70, 0x20, 0xF0, 0x43, 0x70, 0x68, 0x70, 0x61, 0x70, 0x6E, 0x70, 0x67, 0x70, 0x65, 0x70, 0x20, 0x70,
    0x20, 0x70, 0x20, 0x70, 0x2D, 0x70, 0x2D, 0xC0, 0x61, 0xC0, 0x61, 0x80, 0xB3, 0xF0, 0x4D, 0xF0, 0x50, 0xF0, 0x43,
    0x70, 0x73, 0x70, 0x65, 0x70, 0x6E, 0x70, 0x64, 0x70, 0x20, 0x70, 0x70, 0x70, 0x72, 0x70, 0x6F, 0x70, 0x67, 0x70,
    0x72, 0x70, 0x61, 0x70, 0x6D, 0x70, 0x20, 0x70, 0x63, 0x70, 0x68, 0x70, 0x61, 0x70, 0x6E, 0x70, 0x67, 0x70, 0x65,
    0x70, 0x20, 0xC0, 0x61, 0xC0, 0x61, 0x70, 0x20, 0x70, 0x20, 0x70, 0x20, 0x70, 0x20, 0x80, 0xB3, 0x70, 0x20, 0x70,
    0x20, 0x70, 0x20, 0x70, 0x20, 0x70, 0x20, 0x70, 0x20, 0x70, 0x20, 0x70, 0x20, 0x70, 0x20, 0x70, 0x20, 0x70, 0x20,
    0x70, 0x20, 0x70, 0x20, 0x70, 0x20, 0x70, 0x20, 0x70, 0x20, 0x70, 0x20, 0x70, 0x20, 0x70, 0x20, 0x70, 0x20, 0x70,
    0x20, 0x70, 0x20, 0x70, 0x20, 0x70, 0x20, 0x70, 0x20, 0x70, 0x20, 0x70, 0x20, 0x70, 0x20, 0x70, 0x20, 0x80, 0xB3,
    0x70, 0x20, 0x70, 0x20, 0x70, 0x20, 0x70, 0x20, 0x70, 0x20, 0x70, 0x20, 0x70, 0x20, 0x70, 0x20, 0x70, 0x20, 0x70,
    0x20, 0x70, 0x20, 0x70, 0x20, 0x70, 0x20, 0x70, 0x20, 0x70, 0x20, 0x70, 0x20, 0x70, 0x20, 0x70, 0x20, 0x70, 0x20,
    0x70, 0x20, 0x70, 0x20, 0x70, 0x20, 0x70, 0x20, 0x70, 0x20, 0x70, 0x20, 0x70, 0x20, 0x70, 0x20, 0x70, 0x20, 0x70,
    0x20, 0x80, 0xB3, 0x70, 0x20, 0x70, 0x20, 0x70, 0x20, 0x80, 0xC4, 0x80, 0xC4, 0x80, 0xC4, 0x80, 0xC4, 0x80, 0xC4,
    0x80, 0xC4, 0x80, 0xC4, 0x80, 0xC4, 0x80, 0xC4, 0x80, 0xC4, 0x80, 0xC4, 0x80, 0xC4, 0x80, 0xC4, 0x80, 0xC4, 0x80,
    0xC4, 0x80, 0xC4, 0x80, 0xC4, 0x80, 0xC4, 0x80, 0xC4, 0x80, 0xC4, 0x80, 0xC4, 0x80, 0xC4, 0x80, 0xC4, 0x80, 0xC4,
    0x80, 0xC4, 0x80, 0xC4, 0x80, 0xB4, 0x80, 0x20, 0x80, 0x20, 0x80, 0x20, 0xF0, 0x50, 0xF0, 0x41, 0xF0, 0x4E, 0x70,
    0x20, 0x70, 0x20, 0x70, 0x20, 0x70, 0x20, 0x70, 0x20, 0x70, 0x20, 0x70, 0x20, 0x70, 0x20, 0x70, 0x20, 0x70, 0x20,
    0x70, 0x20, 0x70, 0x20, 0x70, 0x20, 0x70, 0x20, 0x70, 0x20, 0x70, 0x20, 0x70, 0x20, 0x70, 0x20, 0x70, 0x20, 0xC0,
    0x61, 0xC0, 0x61, 0xA0, 0x62, 0xA0, 0x62, 0x80, 0xB3, 0xF0, 0x50, 0xF0, 0x41, 0xF0, 0x4E, 0x70, 0x73, 0x70, 0x70,
    0x70, 0x65, 0x70, 0x65, 0x70, 0x64, 0x70, 0x20, 0xC0, 0x61, 0xC0, 0x61, 0x70, 0x2C, 0x70, 0x20, 0x70, 0x76, 0x70,
    0x61, 0x70, 0x6C, 0x70, 0x75, 0x70, 0x65, 0x70, 0x20, 0xA0, 0x62, 0xA0, 0x62, 0x70, 0x20, 0x70, 0x20, 0x70, 0x20,
    0x70, 0x20, 0x70, 0x20, 0x70, 0x20, 0x70, 0x20, 0x70, 0x20, 0x80, 0xB3, 0x70, 0x20, 0x70, 0x20, 0x70, 0x20, 0x80,
    0x30, 0x80, 0x30, 0x80, 0x3D, 0x80, 0x72, 0x80, 0x69, 0x80, 0x67, 0x80, 0x68, 0x80, 0x74, 0x80, 0x2C, 0x80, 0x20,
    0x80, 0x38, 0x80, 0x30, 0x80, 0x3D, 0x80, 0x63, 0x80, 0x65, 0x80, 0x6E, 0x80, 0x74, 0x80, 0x65, 0x80, 0x72, 0x80,
    0x2C, 0x80, 0x20, 0x80, 0x20, 0x80, 0x20, 0x80, 0x20, 0x80, 0x20, 0x80, 0x20, 0x80, 0xB3, 0x80, 0x20, 0x80, 0x20,
    0x80, 0x20, 0x80, 0x46, 0x80, 0x46, 0x80, 0x3D, 0x80, 0x6C, 0x80, 0x65, 0x80, 0x66, 0x80, 0x74, 0x80, 0x20, 0x80,
    0x20, 0x80, 0x20, 0x80, 0x20, 0x80, 0x20, 0x80, 0x20, 0x80, 0x20, 0x80, 0x20, 0x80, 0x20, 0x80, 0x20, 0x80, 0x20,
    0x80, 0x20, 0x80, 0x20, 0x80, 0x20, 0x80, 0x20, 0x80, 0x20, 0x80, 0x20, 0x80, 0x20, 0x80, 0x20, 0x80, 0xB3, 0x80,
    0x20, 0x80, 0x20, 0x80, 0x20, 0x80, 0xC4, 0x80, 0xC4, 0x80, 0xC4, 0x80, 0xC4, 0x80, 0xC4, 0x80, 0xC4, 0x80, 0xC4,
    0x80, 0xC4, 0x80, 0xC4, 0x80, 0xC4, 0x80, 0xC4, 0x80, 0xC4, 0x80, 0xC4, 0x80, 0xC4, 0x80, 0xC4, 0x80, 0xC4, 0x80,
    0xC4, 0x80, 0xC4, 0x80, 0xC4, 0x80, 0xC4, 0x80, 0xC4, 0x80, 0xC4, 0x80, 0xC4, 0x80, 0xC4, 0x80, 0xC4, 0x80, 0xC4,
    0x80, 0xB4, 0x80, 0x20, 0x80, 0x20, 0x80, 0x20, 0xF0, 0x50, 0x70, 0x69, 0x70, 0x74, 0x70, 0x63, 0x70, 0x68, 0xF0,
    0x46, 0x70, 0x69, 0x70, 0x6E, 0x70, 0x65, 0xF0, 0x54, 0x70, 0x75, 0x70, 0x6E, 0x70, 0x65, 0x70, 0x20, 0x70, 0x20,
    0x70, 0x20, 0x70, 0x20, 0x70, 0x20, 0x70, 0x20, 0x70, 0x20, 0x70, 0x20, 0x70, 0x20, 0xC0, 0x61, 0xC0, 0x61, 0xA0,
    0x62, 0xA0, 0x62, 0x80, 0xB3, 0xF0, 0x50, 0xF0, 0x46, 0xF0, 0x54, 0x70, 0x52, 0x70, 0x65, 0x70, 0x61, 0x70, 0x63,
    0x70, 0x68, 0x70, 0x20, 0x70, 0x66, 0x70, 0x69, 0x70, 0x6E, 0x70, 0x65, 0x70, 0x20, 0x70, 0x74, 0x70, 0x75, 0x70,
    0x6E, 0x70, 0x65, 0x70, 0x20, 0xA0, 0x62, 0xA0, 0x62, 0x70, 0x20, 0x70, 0x77, 0x70, 0x69, 0x70, 0x74, 0x70, 0x68,
    0x70, 0x20, 0x70, 0x20, 0x70, 0x20, 0x80, 0xB3, 0x70, 0x20, 0x70, 0x20, 0x70, 0x20, 0x70, 0x73, 0x70, 0x70, 0x70,
    0x65, 0x70, 0x65, 0x70, 0x64, 0x70, 0x20, 0xC0, 0x61, 0xC0, 0x61, 0x70, 0x2E, 0x70, 0x20, 0x80, 0x4D, 0x80, 0x61,
    0x80, 0x78, 0x80, 0x20, 0x80, 0x7E, 0x80, 0x31, 0x80, 0x20, 0x80, 0x73, 0x80, 0x65, 0x80, 0x6D, 0x80, 0x69, 0x80,
    0x74, 0x80, 0x6F, 0x80, 0x6E, 0x80, 0x65, 0x80, 0x2E, 0x80, 0xB3, 0x80, 0x20, 0x80, 0x20, 0x80, 0x20, 0x00, 0x20,
    0x00, 0x20, 0x00, 0x20, 0x00, 0x20, 0x00, 0x20, 0x00, 0x20, 0x70, 0x20, 0x70, 0x20, 0x70, 0x20, 0x70, 0x20, 0x70,
    0x20, 0x70, 0x20, 0x70, 0x20, 0x70, 0x20, 0x70, 0x20, 0x70, 0x20, 0x70, 0x20, 0x70, 0x20, 0x70, 0x20, 0x70, 0x20,
    0x70, 0x20, 0x70, 0x20, 0x70, 0x20, 0x70, 0x20, 0x70, 0x20, 0x70, 0x20, 0x80, 0xB3, 0x70, 0x20, 0x70, 0x20, 0x70,
    0x20, 0x80, 0xC4, 0x80, 0xC4, 0x80, 0xC4, 0x80, 0xC4, 0x80, 0xC4, 0x80, 0xC4, 0x80, 0xC4, 0x80, 0xC4, 0x80, 0xC4,
    0x80, 0xC4, 0x80, 0xC4, 0x80, 0xC4, 0x80, 0xC4, 0x80, 0xC4, 0x80, 0xC4, 0x80, 0xC4, 0x80, 0xC4, 0x80, 0xC4, 0x80,
    0xC4, 0x80, 0xC4, 0x80, 0xC4, 0x80, 0xC4, 0x80, 0xC4, 0x80, 0xC4, 0x80, 0xC4, 0x80, 0xC4, 0x80, 0xB4, 0x80, 0x20,
    0x80, 0x20, 0x80, 0x20, 0xF0, 0x50, 0x70, 0x69, 0x70, 0x74, 0x70, 0x63, 0x70, 0x68, 0x70, 0x20, 0xF0, 0x53, 0xF0,
    0x4C, 0x70, 0x69, 0x70, 0x64, 0x70, 0x65, 0x70, 0x20, 0x70, 0x20, 0x70, 0x20, 0x70, 0x20, 0x70, 0x20, 0x70, 0x20,
    0x70, 0x20, 0x70, 0x20, 0x70, 0x20, 0x70, 0x20, 0x70, 0x20, 0xC0, 0x61, 0xC0, 0x61, 0xA0, 0x62, 0xA0, 0x62, 0x80,
    0xB3, 0xF0, 0x50, 0xF0, 0x53, 0xF0, 0x4C, 0x70, 0x53, 0x70, 0x6C, 0x70, 0x69, 0x70, 0x64, 0x70, 0x65, 0x70, 0x20,
    0x70, 0x74, 0x70, 0x6F, 0x70, 0x20, 0x70, 0x70, 0x70, 0x69, 0x70, 0x74, 0x70, 0x63, 0x70, 0x68, 0x70, 0x20, 0xA0,
    0x62, 0xA0, 0x62, 0x70, 0x20, 0x70, 0x61, 0x70, 0x74, 0x70, 0x20, 0x70, 0x72, 0x70, 0x61, 0x70, 0x74, 0x70, 0x65,
    0x70, 0x20, 0x80, 0xB3, 0x70, 0x20, 0x70, 0x20, 0x70, 0x20, 0xC0, 0x61, 0xC0, 0x61, 0x70, 0x2E, 0x70, 0x20, 0x70,
    0x20, 0x70, 0x20, 0x70, 0x20, 0x70, 0x20, 0x70, 0x20, 0x70, 0x20, 0x70, 0x20, 0x70, 0x20, 0x70, 0x20, 0x70, 0x20,
    0x70, 0x20, 0x70, 0x20, 0x70, 0x20, 0x70, 0x20, 0x70, 0x20, 0x70, 0x20, 0x70, 0x20, 0x70, 0x20, 0x70, 0x20, 0x70,
    0x20, 0x70, 0x20, 0x70, 0x20, 0x80, 0xB3, 0x70, 0x20, 0x70, 0x20, 0x70, 0x20, 0x70, 0x20, 0x70, 0x20, 0x70, 0x20,
    0x70, 0x20, 0x70, 0x20, 0x70, 0x20, 0x70, 0x20, 0x70, 0x20, 0x70, 0x20, 0x70, 0x20, 0x70, 0x20, 0x70, 0x20, 0x70,
    0x20, 0x70, 0x20, 0x70, 0x20, 0x70, 0x20, 0x70, 0x20, 0x70, 0x20, 0x70, 0x20, 0x70, 0x20, 0x70, 0x20, 0x70, 0x20,
    0x70, 0x20, 0x70, 0x20, 0x70, 0x20, 0x70, 0x20, 0x80, 0xB3, 0x70, 0x20, 0x70, 0x20, 0x70, 0x20, 0x80, 0xC4, 0x80,
    0xC4, 0x80, 0xC4, 0x80, 0xC4, 0x80, 0xC4, 0x80, 0xC4, 0x80, 0xC4, 0x80, 0xC4, 0x80, 0xC4, 0x80, 0xC4, 0x80, 0xC4,
    0x80, 0xC4, 0x80, 0xC4, 0x80, 0xC4, 0x80, 0xC4, 0x80, 0xC4, 0x80, 0xC4, 0x80, 0xC4, 0x80, 0xC4, 0x80, 0xC4, 0x80,
    0xC4, 0x80, 0xC4, 0x80, 0xC4, 0x80, 0xC4, 0x80, 0xC4, 0x80, 0xC4, 0x80, 0xB4, 0x80, 0x20, 0x80, 0x20, 0x80, 0x20,
    0xF0, 0x50, 0x70, 0x6C, 0x70, 0x61, 0x70, 0x79, 0x70, 0x20, 0xF0, 0x4F, 0xF0, 0x46, 0x70, 0x66, 0x70, 0x73, 0x70,
    0x65, 0x70, 0x74, 0x70, 0x20, 0x70, 0x20, 0x70, 0x20, 0x70, 0x20, 0x70, 0x20, 0x70, 0x20, 0x70, 0x20, 0x70, 0x20,
    0x70, 0x20, 0x70, 0x20, 0x70, 0x20, 0xC0, 0x61, 0xC0, 0x61, 0xA0, 0x62, 0xA0, 0x62, 0x80, 0xB3, 0xF0, 0x50, 0xF0,
    0x4F, 0xF0, 0x46, 0x70, 0x6A, 0x70, 0x75, 0x70, 0x6D, 0x70, 0x70, 0x70, 0x20, 0x70, 0x61, 0x70, 0x62, 0x70, 0x73,
    0x70, 0x6F, 0x70, 0x6C, 0x70, 0x75, 0x70, 0x74, 0x70, 0x65, 0x70, 0x20, 0x70, 0x74, 0x70, 0x6F, 0x70, 0x20, 0xC0,
    0x61, 0xC0, 0x61, 0x70, 0x20, 0x70, 0x26, 0x70, 0x20, 0x70, 0x6D, 0x70, 0x6F, 0x70, 0x76, 0x70, 0x65, 0x80, 0xB3,
    0x70, 0x20, 0x70, 0x20, 0x70, 0x20, 0x70, 0x72, 0x70, 0x65, 0x70, 0x6C, 0x70, 0x61, 0x70, 0x74, 0x70, 0x69, 0x70,
    0x76, 0x70, 0x65, 0x70, 0x20, 0x70, 0x73, 0x70, 0x69, 0x70, 0x67, 0x70, 0x6E, 0x70, 0x65, 0x70, 0x64, 0x70, 0x20,
    0xA0, 0x62, 0xA0, 0x62, 0x70, 0x20, 0x70, 0x20, 0x70, 0x20, 0x70, 0x20, 0x70, 0x20, 0x70, 0x20, 0x70, 0x20, 0x70,
    0x20, 0x80, 0xB3, 0x70, 0x20, 0x70, 0x20, 0x70, 0x20, 0x70, 0x20, 0x70, 0x20, 0x70, 0x20, 0x70, 0x20, 0x70, 0x20,
    0x70, 0x20, 0x70, 0x20, 0x70, 0x20, 0x70, 0x20, 0x70, 0x20, 0x70, 0x20, 0x70, 0x20, 0x70, 0x20, 0x70, 0x20, 0x70,
    0x20, 0x70, 0x20, 0x70, 0x20, 0x70, 0x20, 0x70, 0x20, 0x70, 0x20, 0x70, 0x20, 0x70, 0x20, 0x70, 0x20, 0x70, 0x20,
    0x70, 0x20, 0x70, 0x20, 0x80, 0xB3, 0x70, 0x20, 0x70, 0x20, 0x70, 0x20, 0x80, 0xC4, 0x80, 0xC4, 0x80, 0xC4, 0x80,
    0xC4, 0x80, 0xC4, 0x80, 0xC4, 0x80, 0xC4, 0x80, 0xC4, 0x80, 0xC4, 0x80, 0xC4, 0x80, 0xC4, 0x80, 0xC4, 0x80, 0xC4,
    0x80, 0xC4, 0x80, 0xC4, 0x80, 0xC4, 0x80, 0xC4, 0x80, 0xC4, 0x80, 0xC4, 0x80, 0xC4, 0x80, 0xC4, 0x80, 0xC4, 0x80,
    0xC4, 0x80, 0xC4, 0x80, 0xC4, 0x80, 0xC4, 0x80, 0xB4, 0x80, 0x20, 0x80, 0x20, 0x80, 0x20, 0xF0, 0x52, 0x70, 0x65,
    0xF0, 0x54, 0x70, 0x72, 0x70, 0x69, 0xF0, 0x47, 0x70, 0x67, 0x70, 0x65, 0x70, 0x72, 0x70, 0x20, 0x70, 0x20, 0x70,
    0x20, 0x70, 0x20, 0x70, 0x20, 0x70, 0x20, 0x70, 0x20, 0x70, 0x20, 0x70, 0x20, 0x70, 0x20, 0x70, 0x20, 0x70, 0x20,
    0x70, 0x20, 0xC0, 0x61, 0xC0, 0x61, 0xA0, 0x62, 0xA0, 0x62, 0x80, 0xB3, 0xF0, 0x52, 0xF0, 0x54, 0xF0, 0x47, 0x70,
    0x53, 0x70, 0x61, 0x70, 0x6D, 0x70, 0x70, 0x70, 0x6C, 0x70, 0x65, 0x70, 0x3A, 0x70, 0x20, 0xA0, 0x62, 0xA0, 0x62,
    0x70, 0x20, 0x70, 0x6C, 0x70, 0x6F, 0x70, 0x6F, 0x70, 0x70, 0x70, 0x2B, 0xC0, 0x61, 0xC0, 0x61, 0x70, 0x20, 0x70,
    0x6F, 0x70, 0x66, 0x70, 0x66, 0x70, 0x73, 0x70, 0x65, 0x70, 0x74, 0x70, 0x20, 0x80, 0xB3, 0x70, 0x20, 0x70, 0x20,
    0x70, 0x20, 0x70, 0x4D, 0x70, 0x49, 0x70, 0x44, 0x70, 0x49, 0x70, 0x3A, 0x70, 0x20, 0xA0, 0x62, 0xA0, 0x62, 0x70,
    0x20, 0x70, 0x20, 0x70, 0x20, 0x70, 0x20, 0x70, 0x20, 0x70, 0x20, 0x70, 0x20, 0x70, 0x20, 0x70, 0x20, 0x70, 0x20,
    0x70, 0x20, 0x70, 0x20, 0x70, 0x20, 0x70, 0x20, 0x70, 0x20, 0x70, 0x20, 0x70, 0x20, 0x70, 0x20, 0x80, 0xB3, 0x70,
    0x20, 0x70, 0x20, 0x70, 0x20, 0x70, 0x20, 0x70, 0x20, 0x70, 0x20, 0x70, 0x20, 0x70, 0x20, 0x70, 0x20, 0x70, 0x20,
    0x70, 0x20, 0x70, 0x20, 0x70, 0x20, 0x70, 0x20, 0x70, 0x20, 0x70, 0x20, 0x70, 0x20, 0x70, 0x20, 0x70, 0x20, 0x70,
    0x20, 0x70, 0x20, 0x70, 0x20, 0x70, 0x20, 0x70, 0x20, 0x70, 0x20, 0x70, 0x20, 0x70, 0x20, 0x70, 0x20, 0x70, 0x20,
    0x80, 0xB3, 0x70, 0x20, 0x70, 0x20, 0x70, 0x20, 0x80, 0xC4, 0x80, 0xC4, 0x80, 0xC4, 0x80, 0xC4, 0x80, 0xC4, 0x80,
    0xC4, 0x80, 0xC4, 0x80, 0xC4, 0x80, 0xC4, 0x80, 0xC4, 0x80, 0xC4, 0x80, 0xC4, 0x80, 0xC4, 0x80, 0xC4, 0x80, 0xC4,
    0x80, 0xC4, 0x80, 0xC4, 0x80, 0xC4, 0x80, 0xC4, 0x80, 0xC4, 0x80, 0xC4, 0x80, 0xC4, 0x80, 0xC4, 0x80, 0xC4, 0x80,
    0xC4, 0x80, 0xC4, 0x80, 0xB4, 0x80, 0x20, 0x80, 0x20, 0x80, 0x20, 0xF0, 0x53, 0x70, 0x65, 0x70, 0x74, 0x70, 0x20,
    0xF0, 0x49, 0x70, 0x6E, 0x70, 0x73, 0x70, 0x74, 0x70, 0x72, 0x70, 0x75, 0x70, 0x6D, 0x70, 0x65, 0x70, 0x6E, 0x70,
    0x74, 0x70, 0x20, 0xF0, 0x50, 0x70, 0x61, 0x70, 0x72, 0x70, 0x61, 0x70, 0x6D, 0x70, 0x20, 0x70, 0x20, 0xC0, 0x61,
    0xC0, 0x61, 0xA0, 0x62, 0xA0, 0x62, 0x80, 0xB3, 0xF0, 0x53, 0xF0, 0x49, 0xF0, 0x50, 0x70, 0x73, 0x70, 0x65, 0x70,
    0x74, 0x70, 0x20, 0x70, 0x70, 0x70, 0x61, 0x70, 0x72, 0x70, 0x61, 0x70, 0x6D, 0x70, 0x65, 0x70, 0x74, 0x70, 0x65,
    0x70, 0x72, 0x70, 0x20, 0xC0, 0x61, 0xC0, 0x61, 0xC0, 0x20, 0x70, 0x74, 0x70, 0x6F, 0x70, 0x20, 0x70, 0x76, 0x70,
    0x61, 0x70, 0x6C, 0x70, 0x75, 0x70, 0x65, 0x70, 0x20, 0x80, 0xB3, 0x70, 0x20, 0x70, 0x20, 0x70, 0x20, 0xA0, 0x62,
    0xA0, 0x62, 0x70, 0x20, 0xB0, 0x20, 0xB0, 0x20, 0xB0, 0x20, 0xB0, 0x20, 0xB0, 0x20, 0xB0, 0x20, 0xB0, 0x20, 0xB0,
    0x20, 0xB0, 0x20, 0x70, 0x20, 0x70, 0x20, 0x70, 0x20, 0x70, 0x20, 0x70, 0x20, 0x70, 0x20, 0x70, 0x20, 0x70, 0x20,
    0x70, 0x20, 0x70, 0x20, 0x70, 0x20, 0x70, 0x20, 0x70, 0x20, 0x70, 0x20, 0x80, 0xB3, 0x70, 0x20, 0x70, 0x20, 0x70,
    0x20, 0x70, 0x20, 0x70, 0x20, 0x70, 0x20, 0x70, 0x20, 0x70, 0x20, 0x70, 0x20, 0x70, 0x20, 0x70, 0x20, 0x70, 0x20,
    0x70, 0x20, 0x70, 0x20, 0x70, 0x20, 0x70, 0x20, 0x70, 0x20, 0x70, 0x20, 0x70, 0x20, 0x70, 0x20, 0x70, 0x20, 0x70,
    0x20, 0x70, 0x20, 0x70, 0x20, 0x70, 0x20, 0x70, 0x20, 0x70, 0x20, 0x70, 0x20, 0x70, 0x20, 0x80, 0xB3, 0x70, 0x20,
    0x70, 0x20, 0x70, 0x20, 0x80, 0xC4, 0x80, 0xC4, 0x80, 0xC4, 0x80, 0xC4, 0x80, 0xC4, 0x80, 0xC4, 0x80, 0xC4, 0x80,
    0xC4, 0x80, 0xC4, 0x80, 0xC4, 0x80, 0xC4, 0x80, 0xC4, 0x80, 0xC4, 0x80, 0xC4, 0x80, 0xC4, 0x80, 0xC4, 0x80, 0xC4,
    0x80, 0xC4, 0x80, 0xC4, 0x80, 0xC4, 0x80, 0xC4, 0x80, 0xC4, 0x80, 0xC4, 0x80, 0xC4, 0x80, 0xC4, 0x80, 0xC4, 0x80,
    0xB4, 0x80, 0x20, 0x80, 0x20, 0x80, 0x20, 0xF0, 0x53, 0x70, 0x74, 0x70, 0x6F, 0x70, 0x70, 0x70, 0x20, 0xF0, 0x54,
    0x70, 0x61, 0x70, 0x62, 0x70, 0x6C, 0x70, 0x65, 0x70, 0x20, 0xF0, 0x50, 0x70, 0x6C, 0x70, 0x61, 0x70, 0x79, 0x70,
    0x62, 0x70, 0x61, 0x70, 0x63, 0x70, 0x6B, 0x70, 0x20, 0x70, 0x20, 0x70, 0x20, 0x70, 0x2D, 0x70, 0x2D, 0x70, 0x2D,
    0x70, 0x2D, 0x80, 0xB3, 0xF0, 0x53, 0xF0, 0x54, 0xF0, 0x50, 0x70, 0x49, 0x70, 0x6E, 0x70, 0x73, 0x70, 0x74, 0x70,
    0x61, 0x70, 0x6E, 0x70, 0x74, 0x70, 0x6C, 0x70, 0x79, 0x70, 0x20, 0x70, 0x73, 0x70, 0x74, 0x70, 0x6F, 0x70, 0x70,
    0x70, 0x20, 0x70, 0x70, 0x70, 0x6C, 0x70, 0x61, 0x70, 0x79, 0x70, 0x69, 0x70, 0x6E, 0x70, 0x67, 0x70, 0x20, 0x70,
    0x74, 0x70, 0x68, 0x70, 0x65, 0x80, 0xB3, 0x70, 0x20, 0x70, 0x20, 0x70, 0x20, 0x70, 0x63, 0x70, 0x75, 0x70, 0x72,
    0x70, 0x72, 0x70, 0x65, 0x70, 0x6E, 0x70, 0x74, 0x70, 0x20, 0x70, 0x74, 0x70, 0x61, 0x70, 0x62, 0x70, 0x6C, 0x70,
    0x65, 0x70, 0x2E, 0x70, 0x20, 0x70, 0x20, 0x70, 0x20, 0x70, 0x20, 0x70, 0x20, 0x70, 0x20, 0x70, 0x20, 0x70, 0x20,
    0x70, 0x20, 0x70, 0x20, 0x70, 0x20, 0x70, 0x20, 0x80, 0xB3, 0x70, 0x20, 0x70, 0x20, 0x70, 0x20, 0x70, 0x20, 0x70,
    0x20, 0x70, 0x20, 0x70, 0x20, 0x70, 0x20, 0x70, 0x20, 0x70, 0x20, 0x70, 0x20, 0x70, 0x20, 0x70, 0x20, 0x70, 0x20,
    0x70, 0x20, 0x70, 0x20, 0x70, 0x20, 0x70, 0x20, 0x70, 0x20, 0x70, 0x20, 0x70, 0x20, 0x70, 0x20, 0x70, 0x20, 0x70,
    0x20, 0x70, 0x20, 0x70, 0x20, 0x70, 0x20, 0x70, 0x20, 0x70, 0x20, 0x80, 0xB3, 0x70, 0x20, 0x70, 0x20, 0x70, 0x20,
    0x80, 0xC4, 0x80, 0xC4, 0x80, 0xC4, 0x80, 0xC4, 0x80, 0xC4, 0x80, 0xC4, 0x80, 0xC4, 0x80, 0xC4, 0x80, 0xC4, 0x80,
    0xC4, 0x80, 0xC4, 0x80, 0xC4, 0x80, 0xC4, 0x80, 0xC4, 0x80, 0xC4, 0x80, 0xC4, 0x80, 0xC4, 0x80, 0xC4, 0x80, 0xC4,
    0x80, 0xC4, 0x80, 0xC4, 0x80, 0xC4, 0x80, 0xC4, 0x80, 0xC4, 0x80, 0xC4, 0x80, 0xC4, 0x80, 0xB4, 0x80, 0x20, 0x80,
    0x20, 0x80, 0x20, 0xF0, 0x54, 0x70, 0x61, 0xF0, 0x42, 0xF0, 0x4C, 0x70, 0x65, 0x70, 0x20, 0x70, 0x20, 0x70, 0x20,
    0x70, 0x20, 0x70, 0x20, 0x70, 0x20, 0x70, 0x20, 0x70, 0x20, 0x70, 0x20, 0x70, 0x20, 0x70, 0x20, 0x70, 0x20, 0x70,
    0x20, 0x70, 0x20, 0x70, 0x20, 0x70, 0x20, 0x70, 0x20, 0x70, 0x2D, 0x70, 0x2D, 0xC0, 0x61, 0xC0, 0x61, 0x80, 0xB3,
    0xF0, 0x54, 0xF0, 0x42, 0xF0, 0x4C, 0x70, 0x52, 0x70, 0x75, 0x70, 0x6E, 0x70, 0x20, 0x70, 0x74, 0x70, 0x61, 0x70,
    0x62, 0x70, 0x6C, 0x70, 0x65, 0x70, 0x20, 0xC0, 0x61, 0xC0, 0x61, 0x70, 0x2E, 0x70, 0x20, 0x70, 0x20, 0x70, 0x20,
    0x70, 0x20, 0x70, 0x20, 0x70, 0x20, 0x70, 0x20, 0x70, 0x20, 0x70, 0x20, 0x70, 0x20, 0x70, 0x20, 0x70, 0x20, 0x70,
    0x20, 0x80, 0xB3, 0x70, 0x20, 0x70, 0x20, 0x70, 0x20, 0x70, 0x20, 0x70, 0x20, 0x70, 0x20, 0x70, 0x20, 0x70, 0x20,
    0x70, 0x20, 0x70, 0x20, 0x70, 0x20, 0x70, 0x20, 0x70, 0x20, 0x70, 0x20, 0x70, 0x20, 0x70, 0x20, 0x70, 0x20, 0x70,
    0x20, 0x70, 0x20, 0x70, 0x20, 0x70, 0x20, 0x70, 0x20, 0x70, 0x20, 0x70, 0x20, 0x70, 0x20, 0x70, 0x20, 0x70, 0x20,
    0x70, 0x20, 0x70, 0x20, 0x80, 0xB3, 0x70, 0x20, 0x70, 0x20, 0x70, 0x20, 0x70, 0x20, 0x70, 0x20, 0x70, 0x20, 0x70,
    0x20, 0x70, 0x20, 0x70, 0x20, 0x70, 0x20, 0x70, 0x20, 0x70, 0x20, 0x70, 0x20, 0x70, 0x20, 0x70, 0x20, 0x70, 0x20,
    0x70, 0x20, 0x70, 0x20, 0x70, 0x20, 0x70, 0x20, 0x70, 0x20, 0x70, 0x20, 0x70, 0x20, 0x70, 0x20, 0x70, 0x20, 0x70,
    0x20, 0x70, 0x20, 0x70, 0x20, 0x70, 0x20, 0x80, 0xB3, 0x70, 0x20, 0x70, 0x20, 0x70, 0x20, 0x80, 0xC4, 0x80, 0xC4,
    0x80, 0xC4, 0x80, 0xC4, 0x80, 0xC4, 0x80, 0xC4, 0x80, 0xC4, 0x80, 0xC4, 0x80, 0xC4, 0x80, 0xC4, 0x80, 0xC4, 0x80,
    0xC4, 0x80, 0xC4, 0x80, 0xC4, 0x80, 0xC4, 0x80, 0xC4, 0x80, 0xC4, 0x80, 0xC4, 0x80, 0xC4, 0x80, 0xC4, 0x80, 0xC4,
    0x80, 0xC4, 0x80, 0xC4, 0x80, 0xC4, 0x80, 0xC4, 0x80, 0xC4, 0x80, 0xB4, 0x80, 0x20, 0x80, 0x20, 0x80, 0x20, 0xF0,
    0x54, 0x70, 0x65, 0x70, 0x6D, 0xF0, 0x50, 0xF0, 0x4F, 0x70, 0x20, 0x70, 0x20, 0x70, 0x20, 0x70, 0x20, 0x70, 0x20,
    0x70, 0x20, 0x70, 0x20, 0x70, 0x20, 0x70, 0x20, 0x70, 0x20, 0x70, 0x20, 0x70, 0x20, 0x70, 0x20, 0x70, 0x20, 0x70,
    0x20, 0x70, 0x20, 0x70, 0x20, 0x70, 0x2D, 0xC0, 0x61, 0xC0, 0x61, 0xC0, 0x61, 0x80, 0xB3, 0xF0, 0x54, 0xF0, 0x50,
    0xF0, 0x4F, 0x70, 0x73, 0x70, 0x65, 0x70, 0x74, 0x70, 0x20, 0x70, 0x74, 0x70, 0x65, 0x70, 0x6D, 0x70, 0x70, 0x70,
    0x6F, 0x70, 0x20, 0x70, 0x74, 0x70, 0x6F, 0x70, 0x20, 0x70, 0x68, 0x70, 0x65, 0x70, 0x78, 0x70, 0x20, 0x70, 0x76,
    0x70, 0x61, 0x70, 0x6C, 0x70, 0x75, 0x70, 0x65, 0x70, 0x20, 0xC0, 0x61, 0xC0, 0x61, 0xC0, 0x61, 0x80, 0xB3, 0xA0,
    0x20, 0xA0, 0x20, 0xA0, 0x20, 0x70, 0x4D, 0x70, 0x61, 0x70, 0x78, 0x70, 0x20, 0x70, 0x69, 0x70, 0x73, 0x70, 0x20,
    0x70, 0x31, 0x70, 0x32, 0x70, 0x43, 0x70, 0x20, 0x80, 0x3D, 0x80, 0x3D, 0x80, 0x20, 0x80, 0x33, 0x80, 0x30, 0x80,
    0x30, 0x80, 0x62, 0x80, 0x70, 0x80, 0x6D, 0x80, 0x20, 0x80, 0x20, 0x80, 0x20, 0x80, 0x20, 0x80, 0x20, 0x80, 0x20,
    0x80, 0xB3, 0x80, 0x20, 0x80, 0x20, 0x80, 0x20, 0x70, 0x20, 0x70, 0x20, 0x70, 0x20, 0x70, 0x20, 0x70, 0x20, 0x70,
    0x20, 0x70, 0x20, 0x70, 0x20, 0x70, 0x20, 0x70, 0x20, 0x70, 0x20, 0x70, 0x20, 0x70, 0x20, 0x70, 0x20, 0x70, 0x20,
    0x70, 0x20, 0x70, 0x20, 0x70, 0x20, 0x70, 0x20, 0x70, 0x20, 0x70, 0x20, 0x70, 0x20, 0x70, 0x20, 0x70, 0x20, 0x70,
    0x20, 0x70, 0x20, 0x80, 0xB3, 0x70, 0x20, 0x70, 0x20, 0x70, 0x20, 0x80, 0xC4, 0x80, 0xC4, 0x80, 0xC4, 0x80, 0xC4,
    0x80, 0xC4, 0x80, 0xC4, 0x80, 0xC4, 0x80, 0xC4, 0x80, 0xC4, 0x80, 0xC4, 0x80, 0xC4, 0x80, 0xC4, 0x80, 0xC4, 0x80,
    0xC4, 0x80, 0xC4, 0x80, 0xC4, 0x80, 0xC4, 0x80, 0xC4, 0x80, 0xC4, 0x80, 0xC4, 0x80, 0xC4, 0x80, 0xC4, 0x80, 0xC4,
    0x80, 0xC4, 0x80, 0xC4, 0x80, 0xC4, 0x80, 0xB4, 0x80, 0x20, 0x80, 0x20, 0x80, 0x20, 0xF0, 0x56, 0xF0, 0x45, 0xF0,
    0x4C, 0x70, 0x6F, 0x70, 0x63, 0x70, 0x69, 0x70, 0x74, 0x70, 0x79, 0x70, 0x20, 0x70, 0x20, 0x70, 0x20, 0x70, 0x20,
    0x70, 0x20, 0x70, 0x20, 0x70, 0x20, 0x70, 0x20, 0x70, 0x20, 0x70, 0x20, 0x70, 0x20, 0x70, 0x20, 0x70, 0x20, 0x70,
    0x20, 0x70, 0x2D, 0x70, 0x2D, 0xA0, 0x62, 0xA0, 0x62, 0x80, 0xB3, 0xF0, 0x56, 0xF0, 0x45, 0xF0, 0x4C, 0x70, 0x73,
    0x70, 0x65, 0x70, 0x6E, 0x70, 0x64, 0x70, 0x20, 0x70, 0x4D, 0x70, 0x49, 0x70, 0x44, 0x70, 0x49, 0x70, 0x20, 0x70,
    0x76, 0x70, 0x65, 0x70, 0x6C, 0x70, 0x6F, 0x70, 0x63, 0x70, 0x69, 0x70, 0x74, 0x70, 0x79, 0x70, 0x20, 0x70, 0x63,
    0x70, 0x6F, 0x70, 0x6D, 0x70, 0x6D, 0x70, 0x61, 0x70, 0x6E, 0x70, 0x64, 0x80, 0xB3, 0x70, 0x20, 0x70, 0x20, 0x70,
    0x20, 0xA0, 0x62, 0xA0, 0x62, 0x70, 0x20, 0x70, 0x20, 0x70, 0x20, 0x70, 0x20, 0x70, 0x20, 0x70, 0x20, 0x70, 0x20,
    0x70, 0x20, 0x70, 0x20, 0x70, 0x20, 0x70, 0x20, 0x70, 0x20, 0x70, 0x20, 0x70, 0x20, 0x70, 0x20, 0x70, 0x20, 0x70,
    0x20, 0x70, 0x20, 0x70, 0x20, 0x70, 0x20, 0x70, 0x20, 0x70, 0x20, 0x70, 0x20, 0x70, 0x20, 0x80, 0xB3, 0x70, 0x20,
    0x70, 0x20, 0x70, 0x20, 0x70, 0x20, 0x70, 0x20, 0x70, 0x20, 0x70, 0x20, 0x70, 0x20, 0x70, 0x20, 0x70, 0x20, 0x70,
    0x20, 0x70, 0x20, 0x70, 0x20, 0x70, 0x20, 0x70, 0x20, 0x70, 0x20, 0x70, 0x20, 0x70, 0x20, 0x70, 0x20, 0x70, 0x20,
    0x70, 0x20, 0x70, 0x20, 0x70, 0x20, 0x70, 0x20, 0x70, 0x20, 0x70, 0x20, 0x70, 0x20, 0x70, 0x20, 0x70, 0x20, 0x80,
    0xB3, 0x70, 0x20, 0x70, 0x20, 0x70, 0x20, 0x80, 0xC4, 0x80, 0xC4, 0x80, 0xC4, 0x80, 0xC4, 0x80, 0xC4, 0x80, 0xC4,
    0x80, 0xC4, 0x80, 0xC4, 0x80, 0xC4, 0x80, 0xC4, 0x80, 0xC4, 0x80, 0xC4, 0x80, 0xC4, 0x80, 0xC4, 0x80, 0xC4, 0x80,
    0xC4, 0x80, 0xC4, 0x80, 0xC4, 0x80, 0xC4, 0x80, 0xC4, 0x80, 0xC4, 0x80, 0xC4, 0x80, 0xC4, 0x80, 0xC4, 0x80, 0xC4,
    0x80, 0xC4, 0x80, 0xB4, 0x80, 0x20, 0x80, 0x20, 0x80, 0x20, 0xF0, 0x56, 0xF0, 0x49, 0xF0, 0x42, 0x70, 0x72, 0x70,
    0x61, 0x70, 0x74, 0x70, 0x6F, 0x70, 0x20, 0x70, 0x20, 0x70, 0x20, 0x70, 0x20, 0x70, 0x20, 0x70, 0x20, 0x70, 0x20,
    0x70, 0x20, 0x70, 0x20, 0x70, 0x20, 0x70, 0x20, 0x70, 0x20, 0x70, 0x20, 0x70, 0x20, 0x70, 0x20, 0xC0, 0x61, 0xC0,
    0x61, 0xA0, 0x62, 0xA0, 0x62, 0x80, 0xB3, 0xF0, 0x56, 0xF0, 0x49, 0xF0, 0x42, 0x70, 0x50, 0x70, 0x6C, 0x70, 0x61,
    0x70, 0x79, 0x70, 0x20, 0x70, 0x61, 0x70, 0x20, 0x70, 0x76, 0x70, 0x69, 0x70, 0x62, 0x70, 0x72, 0x70, 0x61, 0x70,
    0x74, 0x70, 0x6F, 0x70, 0x20, 0x70, 0x6F, 0x70, 0x66, 0x70, 0x20, 0x70, 0x64, 0x70, 0x65, 0x70, 0x70, 0x70, 0x74,
    0x70, 0x68, 0x70, 0x20, 0xA0, 0x62, 0xA0, 0x62, 0x80, 0xB3, 0xB0, 0x20, 0xB0, 0x20, 0xB0, 0x20, 0x70, 0x61, 0x70,
    0x74, 0x70, 0x20, 0x70, 0x72, 0x70, 0x61, 0x70, 0x74, 0x70, 0x65, 0x70, 0x20, 0xC0, 0x61, 0xC0, 0x61, 0x70, 0x20,
    0x70, 0x20, 0x70, 0x20, 0x70, 0x20, 0x70, 0x20, 0x70, 0x20, 0x70, 0x20, 0x70, 0x20, 0x70, 0x20, 0x70, 0x20, 0x70,
    0x20, 0x70, 0x20, 0x70, 0x20, 0x70, 0x20, 0x70, 0x20, 0x70, 0x20, 0x80, 0xB3, 0x70, 0x20, 0x70, 0x20, 0x70, 0x20,
    0x70, 0x20, 0x70, 0x20, 0x70, 0x20, 0x70, 0x20, 0x70, 0x20, 0x70, 0x20, 0x70, 0x20, 0x70, 0x20, 0x70, 0x20, 0x70,
    0x20, 0x70, 0x20, 0x70, 0x20, 0x70, 0x20, 0x70, 0x20, 0x70, 0x20, 0x70, 0x20, 0x70, 0x20, 0x70, 0x20, 0x70, 0x20,
    0x70, 0x20, 0x70, 0x20, 0x70, 0x20, 0x70, 0x20, 0x70, 0x20, 0x70, 0x20, 0x70, 0x20, 0x80, 0xB3, 0x70, 0x20, 0x70,
    0x20, 0x70, 0x20, 0x80, 0xC4, 0x80, 0xC4, 0x80, 0xC4, 0x80, 0xC4, 0x80, 0xC4, 0x80, 0xC4, 0x80, 0xC4, 0x80, 0xC4,
    0x80, 0xC4, 0x80, 0xC4, 0x80, 0xC4, 0x80, 0xC4, 0x80, 0xC4, 0x80, 0xC4, 0x80, 0xC4, 0x80, 0xC4, 0x80, 0xC4, 0x80,
    0xC4, 0x80, 0xC4, 0x80, 0xC4, 0x80, 0xC4, 0x80, 0xC4, 0x80, 0xC4, 0x80, 0xC4, 0x80, 0xC4, 0x80, 0xC4, 0x80, 0xB4,
    0x80, 0x20, 0x80, 0x20, 0x80, 0x20, 0xF0, 0x56, 0xF0, 0x4F, 0xF0, 0x4C, 0x70, 0x75, 0x70, 0x6D, 0x70, 0x65, 0x70,
    0x20, 0x70, 0x20, 0x70, 0x20, 0x70, 0x20, 0x70, 0x20, 0x70, 0x20, 0x70, 0x20, 0x70, 0x20, 0x70, 0x20, 0x70, 0x20,
    0x70, 0x20, 0x70, 0x20, 0x70, 0x20, 0x70, 0x20, 0x70, 0x20, 0x70, 0x20, 0xC0, 0x61, 0xC0, 0x61, 0xA0, 0x62, 0xA0,
    0x62, 0x80, 0xB3, 0xF0, 0x56, 0xF0, 0x4F, 0xF0, 0x4C, 0x70, 0x4D, 0x70, 0x6F, 0x70, 0x76, 0x70, 0x65, 0x70, 0x20,
    0x70, 0x74, 0x70, 0x6F, 0x70, 0x77, 0x70, 0x61, 0x70, 0x72, 0x70, 0x64, 0x70, 0x73, 0x70, 0x20, 0x70, 0x76, 0x70,
    0x6F, 0x70, 0x6C, 0x70, 0x75, 0x70, 0x6D, 0x70, 0x65, 0x70, 0x20, 0xA0, 0x62, 0xA0, 0x62, 0x70, 0x20, 0x70, 0x61,
    0x70, 0x74, 0x70, 0x20, 0x80, 0xB3, 0x70, 0x20, 0x70, 0x20, 0x70, 0x20, 0x70, 0x74, 0x70, 0x68, 0x70, 0x65, 0x70,
    0x20, 0x70, 0x72, 0x70, 0x61, 0x70, 0x74, 0x70, 0x65, 0x70, 0x20, 0xC0, 0x61, 0xC0, 0x61, 0x70, 0x2E, 0x70, 0x20,
    0x70, 0x20, 0x70, 0x20, 0x70, 0x20, 0x70, 0x20, 0x70, 0x20, 0x70, 0x20, 0x70, 0x20, 0x70, 0x20, 0x70, 0x20, 0x70,
    0x20, 0x70, 0x20, 0x70, 0x20, 0x70, 0x20, 0x80, 0xB3, 0x70, 0x20, 0x70, 0x20, 0x70, 0x20, 0x70, 0x20, 0xF0, 0x20,
    0xF0, 0x20, 0xF0, 0x20, 0xF0, 0x20, 0xF0, 0x20, 0xF0, 0x20, 0xF0, 0x20, 0xF0, 0x20, 0xF0, 0x20, 0xF0, 0x20, 0xF0,
    0x20, 0xF0, 0x20, 0xF0, 0x20, 0xF0, 0x20, 0xF0, 0x20, 0xF0, 0x20, 0xF0, 0x20, 0xF0, 0x20, 0xF0, 0x20, 0xF0, 0x20,
    0xF0, 0x20, 0xF0, 0x20, 0xF0, 0x20, 0xF0, 0x20, 0xF0, 0x20, 0x80, 0xB3, 0xF0, 0x20, 0xF0, 0x20, 0xF0, 0x20, 0x80,
    0xC4, 0x80, 0xC4, 0x80, 0xC4, 0x80, 0xC4, 0x80, 0xC4, 0x80, 0xC4, 0x80, 0xC4, 0x80, 0xC4, 0x80, 0xC4, 0x80, 0xC4,
    0x80, 0xC4, 0x80, 0xC4, 0x80, 0xC4, 0x80, 0xC4, 0x80, 0xC4, 0x80, 0xC4, 0x80, 0xC4, 0x80, 0xC4, 0x80, 0xC4, 0x80,
    0xC4, 0x80, 0xC4, 0x80, 0xC4, 0x80, 0xC4, 0x80, 0xC4, 0x80, 0xC4, 0x80, 0xC4, 0x80, 0xD9, 0x80, 0x20, 0x80, 0x20,
    0x80, 0x20,
};

static const uint8_t DOC_INSTRUMENTS[] = {
    0xF9, 0x49, 0xF9, 0x6E, 0xF9, 0x73, 0xF9, 0x74, 0xF9, 0x72, 0xF9, 0x75, 0xF9, 0x6D, 0xF9, 0x65, 0xF9, 0x6E, 0xF9,
    0x74, 0xF9, 0x73, 0xF9, 0x20, 0xF9, 0x20, 0xF9, 0x20, 0xF9, 0x20, 0xF9, 0x20, 0xF9, 0x20, 0xF9, 0x20, 0xF9, 0x20,
    0xF9, 0x20, 0xF9, 0x20, 0xF9, 0x20, 0xF9, 0x20, 0xF9, 0x20, 0xF9, 0x20, 0xF9, 0x20, 0xF9, 0x20, 0x90, 0xB2, 0x90,
    0xB1, 0x90, 0xB0, 0x70, 0x20, 0x70, 0x20, 0x70, 0x20, 0x70, 0x20, 0x70, 0x20, 0x70, 0x20, 0x70, 0x20, 0x70, 0x20,
    0x70, 0x20, 0x70, 0x20, 0x70, 0x20, 0x70, 0x20, 0x70, 0x20, 0x70, 0x20, 0x70, 0x20, 0x70, 0x20, 0x70, 0x20, 0x70,
    0x20, 0x70, 0x20, 0x70, 0x20, 0x70, 0x20, 0x70, 0x20, 0x70, 0x20, 0x70, 0x20, 0x70, 0x20, 0x70, 0x20, 0x70, 0x20,
    0x70, 0x20, 0x70, 0x20, 0x70, 0x20, 0x70, 0x63, 0x70, 0x6F, 0x70, 0x70, 0x70, 0x69, 0x70, 0x6E, 0x70, 0x67, 0x70,
    0x54, 0x70, 0x72, 0x70, 0x61, 0x70, 0x63, 0x70, 0x6B, 0x70, 0x65, 0x70, 0x72, 0x70, 0x27, 0x70, 0x73, 0x70, 0x20,
    0x70, 0x73, 0x70, 0x65, 0x70, 0x6C, 0x70, 0x65, 0x70, 0x63, 0x70, 0x74, 0x70, 0x69, 0x70, 0x6F, 0x70, 0x6E, 0x70,
    0x20, 0x70, 0x6F, 0x70, 0x66, 0x70, 0x20, 0x70, 0x20, 0x70, 0x69, 0x70, 0x6E, 0x70, 0x73, 0x70, 0x74, 0x70, 0x72,
    0x70, 0x75, 0x70, 0x6D, 0x70, 0x65, 0x70, 0x6E, 0x70, 0x74, 0x70, 0x73, 0x70, 0x20, 0x70, 0x69, 0x70, 0x73, 0x70,
    0x20, 0x70, 0x76, 0x70, 0x65, 0x70, 0x72, 0x70, 0x79, 0x70, 0x20, 0x70, 0x6D, 0x70, 0x75, 0x70, 0x63, 0x70, 0x68,
    0x70, 0x20, 0x70, 0x65, 0x70, 0x76, 0x70, 0x6F, 0x70, 0x6C, 0x70, 0x2D, 0x70, 0x76, 0x70, 0x69, 0x70, 0x6E, 0x70,
    0x67, 0x70, 0x20, 0x70, 0x61, 0x70, 0x6E, 0x70, 0x64, 0x70, 0x20, 0x70, 0x74, 0x70, 0x68, 0x70, 0x69, 0x70, 0x73,
    0x70, 0x20, 0x70, 0x64, 0x70, 0x6F, 0x70, 0x63, 0x70, 0x75, 0x70, 0x6D, 0x70, 0x65, 0x70, 0x6E, 0x70, 0x74, 0x70,
    0x61, 0x70, 0x74, 0x70, 0x69, 0x70, 0x6F, 0x70, 0x6E, 0x70, 0x20, 0x70, 0x69, 0x70, 0x73, 0x70, 0x6D, 0x70, 0x6F,
    0x70, 0x73, 0x70, 0x74, 0x70, 0x20, 0x70, 0x6C, 0x70, 0x69, 0x70, 0x6B, 0x70, 0x65, 0x70, 0x6C, 0x70, 0x79, 0x70,
    0x20, 0x70, 0x61, 0x70, 0x6C, 0x70, 0x77, 0x70, 0x61, 0x70, 0x79, 0x70, 0x73, 0x70, 0x20, 0x70, 0x6F, 0x70, 0x75,
    0x70, 0x74, 0x70, 0x64, 0x70, 0x61, 0x70, 0x74, 0x70, 0x65, 0x70, 0x2E, 0x70, 0x20, 0x70, 0x20, 0x70, 0x20, 0x70,
    0x20, 0x70, 0x20, 0x70, 0x20, 0x70, 0x20, 0x70, 0x20, 0x70, 0x20, 0x70, 0x20, 0x70, 0x20, 0x70, 0x20, 0x70, 0x20,
    0x70, 0x20, 0x70, 0x20, 0x70, 0x20, 0x70, 0x20, 0x70, 0x20, 0x70, 0x20, 0x70, 0x20, 0x70, 0x20, 0x70, 0x20, 0x70,
    0x20, 0x70, 0x20, 0x70, 0x20, 0x70, 0x20, 0x70, 0x20, 0x70, 0x20, 0x70, 0x20, 0x70, 0x20, 0x70, 0x20, 0x70, 0x20,
    0x70, 0x20, 0xF9, 0x4D, 0xF9, 0x49, 0xF9, 0x44, 0xF9, 0x49, 0xF9, 0x20, 0xF9, 0x49, 0xF9, 0x4E, 0xF9, 0x53, 0xF9,
    0x54, 0xF9, 0x52, 0xF9, 0x55, 0xF9, 0x4D, 0xF9, 0x45, 0xF9, 0x4E, 0xF9, 0x54, 0xF9, 0x20, 0xF9, 0x20, 0xF9, 0x20,
    0xF9, 0x20, 0xF9, 0x20, 0xF9, 0x20, 0xF9, 0x20, 0xF9, 0x20, 0xF9, 0x20, 0xF9, 0x20, 0xF9, 0x20, 0xF9, 0x20, 0x90,
    0xB2, 0x90, 0xB1, 0x90, 0xB0, 0x90, 0x20, 0x90, 0x20, 0x90, 0x20, 0x90, 0x20, 0x90, 0x20, 0x90, 0x20, 0x90, 0x20,
    0x90, 0x20, 0x90, 0x20, 0x90, 0x20, 0x90, 0x20, 0x90, 0x20, 0x90, 0x20, 0x90, 0x20, 0x90, 0x20, 0x90, 0x20, 0x90,
    0x20, 0x90, 0x20, 0x90, 0x20, 0x90, 0x20, 0x90, 0x20, 0x90, 0x20, 0x90, 0x20, 0x90, 0x20, 0x90, 0x20, 0x90, 0x20,
    0x90, 0x20, 0x90, 0x20, 0x90, 0x20, 0x90, 0x20, 0x70, 0x41, 0x70, 0x20, 0xF0, 0x4D, 0xF0, 0x49, 0xF0, 0x44, 0xF0,
    0x49, 0xF0, 0x20, 0xF0, 0x69, 0xF0, 0x6E, 0xF0, 0x73, 0xF0, 0x74, 0xF0, 0x72, 0xF0, 0x75, 0xF0, 0x6D, 0xF0, 0x65,
    0xF0, 0x6E, 0xF0, 0x74, 0x70, 0x20, 0x70, 0x68, 0x70, 0x61, 0x70, 0x73, 0x70, 0x20, 0x70, 0x74, 0x70, 0x68, 0x70,
    0x65, 0x70, 0x20, 0x70, 0x66, 0x70, 0x6F, 0x70, 0x6C, 0x70, 0x2D, 0x70, 0x6C, 0x70, 0x6F, 0x70, 0x77, 0x70, 0x69,
    0x70, 0x6E, 0x70, 0x67, 0x70, 0x20, 0x70, 0x73, 0x70, 0x65, 0x70, 0x74, 0x70, 0x74, 0x70, 0x69, 0x70, 0x6E, 0x70,
    0x67, 0x70, 0x73, 0x70, 0x3A, 0x70, 0x20, 0x70, 0x20, 0x70, 0x20, 0x70, 0x20, 0x70, 0x20, 0x70, 0x20, 0x70, 0x20,
    0x70, 0x20, 0x70, 0x20, 0x70, 0x20, 0x70, 0x20, 0x70, 0x20, 0x70, 0x20, 0x70, 0x20, 0x70, 0x20, 0x70, 0x20, 0x70,
    0x20, 0x70, 0x20, 0x70, 0x20, 0x70, 0x20, 0x70, 0x20, 0x70, 0x20, 0x70, 0x20, 0x70, 0x20, 0x70, 0x20, 0x70, 0x20,
    0x70, 0x20, 0x70, 0x20, 0x70, 0x20, 0x70, 0x20, 0x70, 0x20, 0x70, 0x20, 0x70, 0x20, 0x70, 0x20, 0x70, 0x20, 0x70,
    0x20, 0x70, 0x20, 0x70, 0x20, 0x70, 0x20, 0x70, 0x20, 0x70, 0x20, 0x70, 0x20, 0x70, 0x20, 0x70, 0x20, 0xF0, 0x43,
    0xF0, 0x48, 0xF0, 0x41, 0xF0, 0x4E, 0xF0, 0x4E, 0xF0, 0x45, 0xF0, 0x4C, 0x70, 0x20, 0x70, 0x20, 0x70, 0x54, 0x70,
    0x68, 0x70, 0x69, 0x70, 0x73, 0x70, 0x20, 0x70, 0x63, 0x70, 0x61, 0x70, 0x6E, 0x70, 0x20, 0x70, 0x62, 0x70, 0x65,
    0x70, 0x20, 0x70, 0x73, 0x70, 0x65, 0x70, 0x74, 0x70, 0x20, 0x70, 0x30, 0x70, 0x31, 0x70, 0x2D, 0x70, 0x31, 0x70,
    0x36, 0x70, 0x20, 0x70, 0x20, 0x70, 0x28, 0x70, 0x69, 0x70, 0x6E, 0x70, 0x20, 0x70, 0x64, 0x70, 0x65, 0x70, 0x63,
    0x70, 0x69, 0x70, 0x6D, 0x70, 0x61, 0x70, 0x6C, 0x70, 0x20, 0x70, 0x6E, 0x70, 0x6F, 0x70, 0x74, 0x70, 0x20, 0x70,
    0x68, 0x70, 0x65, 0x70, 0x78, 0x70, 0x21, 0x70, 0x29, 0x70, 0x20, 0x70, 0x77, 0x70, 0x68, 0x70, 0x69, 0x70, 0x63,
    0x70, 0x68, 0x70, 0x20, 0x70, 0x20, 0x70, 0x20, 0x70, 0x69, 0x70, 0x73, 0x70, 0x20, 0x70, 0x6D, 0x70, 0x69, 0x70,
    0x64, 0x70, 0x69, 0x70, 0x20, 0x70, 0x63, 0x70, 0x68, 0x70, 0x61, 0x70, 0x6E, 0x70, 0x6E, 0x70, 0x65, 0x70, 0x6C,
    0x70, 0x20, 0x70, 0x31, 0x70, 0x2D, 0x70, 0x31, 0x70, 0x36, 0x70, 0x20, 0x70, 0x72, 0x70, 0x65, 0x70, 0x73, 0x70,
    0x70, 0x70, 0x65, 0x70, 0x63, 0x70, 0x2D, 0x70, 0x20, 0x70, 0x20, 0x70, 0x74, 0x70, 0x69, 0x70, 0x76, 0x70, 0x65,
    0x70, 0x6C, 0x70, 0x79, 0x70, 0x20, 0x70, 0x20, 0x70, 0x20, 0x70, 0x20, 0x70, 0x20, 0x70, 0x20, 0x70, 0x20, 0x70,
    0x20, 0x70, 0x20, 0x70, 0x20, 0x70, 0x20, 0x70, 0x20, 0x70, 0x20, 0x70, 0x20, 0x70, 0x20, 0x70, 0x20, 0x70, 0x20,
    0x70, 0x20, 0x70, 0x20, 0x70, 0x20, 0x70, 0x20, 0x70, 0x20, 0x70, 0x20, 0x70, 0x20, 0x70, 0x20, 0x70, 0x20, 0x70,
    0x20, 0x70, 0x20, 0x70, 0x20, 0x70, 0x20, 0x70, 0x20, 0x70, 0x20, 0x70, 0x20, 0x70, 0x20, 0x70, 0x20, 0x70, 0x20,
    0x70, 0x20, 0x70, 0x20, 0x70, 0x20, 0x70, 0x20, 0x70, 0x20, 0x70, 0x20, 0x70, 0x20, 0x70, 0x20, 0x70, 0x20, 0x70,
    0x20, 0x70, 0x20, 0x70, 0x20, 0x70, 0x20, 0x70, 0x20, 0x70, 0x20, 0x70, 0x20, 0xF0, 0x56, 0xF0, 0x4F, 0xF0, 0x4C,
    0xF0, 0x55, 0xF0, 0x4D, 0xF0, 0x45, 0x70, 0x20, 0x70, 0x20, 0x70, 0x54, 0x70, 0x68, 0x70, 0x65, 0x70, 0x20, 0x70,
    0x76, 0x70, 0x6F, 0x70, 0x6C, 0x70, 0x75, 0x70, 0x6D, 0x70, 0x65, 0x70, 0x20, 0x70, 0x61, 0x70, 0x6E, 0x70, 0x79,
    0x70, 0x20, 0x70, 0x4E, 0x70, 0x4F, 0x70, 0x54, 0x70, 0x45, 0x70, 0x20, 0x70, 0x4F, 0x70, 0x4E, 0x70, 0x20, 0x70,
    0x20, 0x70, 0x77, 0x70, 0x69, 0x70, 0x6C, 0x70, 0x6C, 0x70, 0x20, 0x70, 0x62, 0x70, 0x65, 0x70, 0x20, 0x70, 0x73,
    0x70, 0x65, 0x70, 0x6E, 0x70, 0x74, 0x70, 0x20, 0x70, 0x74, 0x70, 0x6F, 0x70, 0x20, 0x70, 0x79, 0x70, 0x6F, 0x70,
    0x75, 0x70, 0x72, 0x70, 0x20, 0x70, 0x64, 0x70, 0x65, 0x70, 0x76, 0x70, 0x69, 0x70, 0x63, 0x70, 0x65, 0x70, 0x3A,
    0x70, 0x20, 0x70, 0x20, 0xC0, 0x46, 0xC0, 0x46, 0x70, 0x3D, 0xC0, 0x31, 0xC0, 0x32, 0xC0, 0x37, 0x70, 0x2C, 0x70,
    0x20, 0xC0, 0x30, 0xC0, 0x30, 0x70, 0x3D, 0xC0, 0x30, 0xC0, 0x30, 0xC0, 0x20, 0x70, 0x20, 0x70, 0x20, 0x70, 0x20,
    0x70, 0x20, 0x70, 0x20, 0x70, 0x20, 0x70, 0x20, 0x70, 0x20, 0x70, 0x20, 0x70, 0x20, 0x70, 0x20, 0x70, 0x20, 0x70,
    0x20, 0x70, 0x20, 0x70, 0x20, 0x70, 0x20, 0x70, 0x20, 0x70, 0x20, 0x70, 0x20, 0x70, 0x20, 0x70, 0x20, 0x70, 0x20,
    0x70, 0x20, 0x70, 0x20, 0x70, 0x20, 0x70, 0x20, 0x70, 0x20, 0x70, 0x20, 0x70, 0x20, 0x70, 0x20, 0x70, 0x20, 0x70,
    0x20, 0x70, 0x20, 0x70, 0x20, 0x70, 0x20, 0x70, 0x20, 0x70, 0x20, 0x70, 0x20, 0x70, 0x20, 0x70, 0x20, 0x70, 0x20,
    0x70, 0x20, 0x70, 0x20, 0x70, 0x20, 0xF0, 0x50, 0xF0, 0x52, 0xF0, 0x4F, 0xF0, 0x47, 0xF0, 0x52, 0xF0, 0x41, 0xF0,
    0x4D, 0x70, 0x20, 0x70, 0x20, 0x70, 0x4D, 0x70, 0x49, 0x70, 0x44, 0x70, 0x49, 0x70, 0x20, 0x70, 0x70, 0x70, 0x72,
    0x70, 0x6F, 0x70, 0x67, 0x70, 0x72, 0x70, 0x61, 0x70, 0x6D, 0x70, 0x20, 0x70, 0x63, 0x70, 0x68, 0x70, 0x61, 0x70,
    0x6E, 0x70, 0x67, 0x70, 0x65, 0x70, 0x20, 0x70, 0x20, 0x70, 0x20, 0x70, 0x20, 0x70, 0x76, 0x70, 0x61, 0x70, 0x6C,
    0x70, 0x75, 0x70, 0x65, 0x70, 0x20, 0x70, 0x74, 0x70, 0x6F, 0x70, 0x20, 0x70, 0x73, 0x70, 0x65, 0x70, 0x6E, 0x70,
    0x64, 0x70, 0x20, 0x70, 0x28, 0xC0, 0x30, 0xC0, 0x78, 0xC0, 0x30, 0xC0, 0x30, 0xC0, 0x2D, 0xC0, 0x30, 0xC0, 0x78,
    0xC0, 0x37, 0xC0, 0x46, 0x70, 0x29, 0x70, 0x2E, 0x70, 0x20, 0x70, 0x20, 0x70, 0x20, 0x70, 0x20, 0x70, 0x50, 0x70,
    0x72, 0x70, 0x6F, 0x70, 0x67, 0x70, 0x72, 0x70, 0x61, 0x70, 0x6D, 0x70, 0x20, 0x70, 0x63, 0x70, 0x68, 0x70, 0x61,
    0x70, 0x6E, 0x70, 0x67, 0x70, 0x65, 0x70, 0x73, 0x70, 0x20, 0x70, 0x66, 0x70, 0x6F, 0x70, 0x72, 0x70, 0x20, 0x70,
    0x65, 0x70, 0x61, 0x70, 0x63, 0x70, 0x68, 0x70, 0x20, 0x70, 0x20, 0x70, 0x20, 0x70, 0x20, 0x70, 0x20, 0x70, 0x20,
    0x70, 0x4D, 0x70, 0x49, 0x70, 0x44, 0x70, 0x49, 0x70, 0x20, 0x70, 0x69, 0x70, 0x6E, 0x70, 0x73, 0x70, 0x74, 0x70,
    0x72, 0x70, 0x75, 0x70, 0x6D, 0x70, 0x65, 0x70, 0x6E, 0x70, 0x74, 0x70, 0x20, 0x70, 0x61, 0x70, 0x72, 0x70, 0x65,
    0x70, 0x20, 0x70, 0x73, 0x70, 0x65, 0x70, 0x6E, 0x70, 0x74, 0x70, 0x20, 0x70, 0x20, 0x70, 0x20, 0x70, 0x20, 0x70,
    0x20, 0x70, 0x20, 0x70, 0x6F, 0x70, 0x6E, 0x70, 0x6C, 0x70, 0x79, 0x70, 0x20, 0x70, 0x6F, 0x70, 0x6E, 0x70, 0x63,
    0x70, 0x65, 0x70, 0x20, 0x70, 0x61, 0x70, 0x74, 0x70, 0x20, 0x70, 0x73, 0x70, 0x65, 0x70, 0x71, 0x70, 0x75, 0x70,
    0x65, 0x70, 0x6E, 0x70, 0x63, 0x70, 0x65, 0x70, 0x72, 0x70, 0x20, 0x70, 0x20, 0x70, 0x20, 0x70, 0x20, 0x70, 0x20,
    0x70, 0x20, 0x70, 0x20, 0x70, 0x20, 0x70, 0x73, 0x70, 0x74, 0x70, 0x61, 0x70, 0x72, 0x70, 0x74, 0x70, 0x2E, 0x70,
    0x20, 0x70, 0x53, 0x70, 0x65, 0x70, 0x74, 0x70, 0x74, 0x70, 0x69, 0x70, 0x6E, 0x70, 0x67, 0x70, 0x20, 0x70, 0x74,
    0x70, 0x68, 0x70, 0x69, 0x70, 0x73, 0x70, 0x20, 0x70, 0x74, 0x70, 0x6F, 0x70, 0x20, 0x70, 0x2D, 0x70, 0x2D, 0x70,
    0x20, 0x70, 0x20, 0x70, 0x20, 0x70, 0x20, 0x70, 0x20, 0x70, 0x77, 0x70, 0x69, 0x70, 0x6C, 0x70, 0x6C, 0x70, 0x20,
    0x70, 0x64, 0x70, 0x69, 0x70, 0x73, 0x70, 0x61, 0x70, 0x62, 0x70, 0x6C, 0x70, 0x65, 0x70, 0x20, 0x70, 0x73, 0x70,
    0x65, 0x70, 0x6E, 0x70, 0x64, 0x70, 0x69, 0x70, 0x6E, 0x70, 0x67, 0x70, 0x20, 0x70, 0x20, 0x70, 0x20, 0x70, 0x20,
    0x70, 0x20, 0x70, 0x20, 0x70, 0x20, 0x70, 0x20, 0x70, 0x20, 0x70, 0x20, 0x70, 0x70, 0x70, 0x72, 0x70, 0x6F, 0x70,
    0x67, 0x70, 0x72, 0x70, 0x61, 0x70, 0x6D, 0x70, 0x20, 0x70, 0x63, 0x70, 0x68, 0x70, 0x61, 0x70, 0x6E, 0x70, 0x67,
    0x70, 0x65, 0x70, 0x20, 0x70, 0x6D, 0x70, 0x65, 0x70, 0x73, 0x70, 0x73, 0x70, 0x61, 0x70, 0x67, 0x70, 0x65, 0x70,
    0x73, 0x70, 0x20, 0x70, 0x20, 0x70, 0x20, 0x70, 0x20, 0x70, 0x20, 0x70, 0x20, 0x70, 0x20, 0x70, 0x65, 0x70, 0x6E,
    0x70, 0x74, 0x70, 0x69, 0x70, 0x72, 0x70, 0x65, 0x70, 0x6C, 0x70, 0x79, 0x70, 0x2E, 0x70, 0x20, 0x70, 0x20, 0x70,
    0x20, 0x70, 0x20, 0x70, 0x20, 0x70, 0x20, 0x70, 0x20, 0x70, 0x20, 0x70, 0x20, 0x70, 0x20, 0x70, 0x20, 0x70, 0x20,
    0x70, 0x20, 0x70, 0x20, 0x70, 0x20, 0x70, 0x20, 0x70, 0x20, 0x70, 0x20, 0x70, 0x20, 0x70, 0x20, 0x70, 0x20, 0x70,
    0x20, 0x70, 0x20, 0x70, 0x20, 0x70, 0x20, 0x70, 0x20, 0x70, 0x20, 0x70, 0x20, 0x70, 0x20, 0x70, 0x20, 0x70, 0x20,
    0x70, 0x20, 0x70, 0x20, 0x70, 0x20, 0x70, 0x20, 0x70, 0x20, 0x70, 0x20, 0x70, 0x20, 0x70, 0x20, 0x70, 0x20, 0x70,
    0x20, 0x70, 0x20, 0x70, 0x20, 0x70, 0x20, 0x70, 0x20, 0x70, 0x20, 0x70, 0x20, 0x70, 0x20, 0x70, 0x20, 0xF0, 0x4C,
    0xF0, 0x45, 0xF0, 0x4E, 0xF0, 0x47, 0xF0, 0x54, 0xF0, 0x48, 0x70, 0x20, 0x70, 0x20, 0x70, 0x53, 0x70, 0x65, 0x70,
    0x74, 0x70, 0x73, 0x70, 0x20, 0x70, 0x6E, 0x70, 0x6F, 0x70, 0x74, 0x70, 0x65, 0x70, 0x20, 0x70, 0x67, 0x70, 0x61,
    0x70, 0x74, 0x70, 0x65, 0x70, 0x20, 0x70, 0x6C, 0x70, 0x65, 0x70, 0x6E, 0x70, 0x67, 0x70, 0x74, 0x70, 0x68, 0x70,
    0x20, 0x70, 0x20, 0x70, 0x20, 0x70, 0x69, 0x70, 0x6E, 0x70, 0x20, 0x70, 0x6E, 0x70, 0x75, 0x70, 0x6D, 0x70, 0x62,
    0x70, 0x65, 0x70, 0x72, 0x70, 0x20, 0x70, 0x6F, 0x70, 0x66, 0x70, 0x20, 0x70, 0x74, 0x70, 0x69, 0x70, 0x63, 0x70,
    0x6B, 0x70, 0x73, 0x70, 0x20, 0x70, 0x20, 0x70, 0x20, 0x70, 0x20, 0x70, 0x20, 0x70, 0x20, 0x70, 0x20, 0x70, 0x20,
    0x70, 0x20, 0x70, 0x20, 0x70, 0x20, 0x70, 0x20, 0x70, 0x20, 0x70, 0x20, 0x70, 0x20, 0x70, 0x20, 0x70, 0x20, 0x70,
    0x20, 0x70, 0x20, 0x70, 0x20, 0x70, 0x20, 0x70, 0x20, 0x70, 0x20, 0x70, 0x20, 0x70, 0x20, 0x70, 0x20, 0x70, 0x20,
    0x70, 0x20, 0x70, 0x20, 0x70, 0x20, 0x70, 0x20, 0x70, 0x20, 0x70, 0x20, 0x70, 0x20, 0x70, 0x20, 0x70, 0x20, 0x70,
    0x20, 0x70, 0x20, 0x70, 0x20, 0x70, 0x20, 0xF0, 0x41, 0xF0, 0x55, 0xF0, 0x54, 0xF0, 0x4F, 0xF0, 0x4D, 0xF0, 0x41,
    0xF0, 0x54, 0xF0, 0x49, 0xF0, 0x4F, 0xF0, 0x4E, 0x70, 0x20, 0x70, 0x20, 0x70, 0x57, 0x70, 0x68, 0x70, 0x65, 0x70,
    0x6E, 0x70, 0x20, 0x70, 0x6F, 0x70, 0x6E, 0x70, 0x2C, 0x70, 0x20, 0x70, 0x74, 0x70, 0x68, 0x70, 0x65, 0x70, 0x20,
    0x70, 0x20, 0x70, 0x20, 0x70, 0x20, 0x70, 0x20, 0x70, 0x20, 0x70, 0x20, 0x70, 0x20, 0x70, 0x74, 0x70, 0x61, 0x70,
    0x62, 0x70, 0x6C, 0x70, 0x65, 0x70, 0x20, 0x70, 0x70, 0x70, 0x6C, 0x70, 0x61, 0x70, 0x79, 0x70, 0x20, 0x70, 0x61,
    0x70, 0x72, 0x70, 0x72, 0x70, 0x6F, 0x70, 0x77, 0x70, 0x73, 0x70, 0x20, 0x70, 0x77, 0x70, 0x69, 0x70, 0x6C, 0x70,
    0x6C, 0x70, 0x20, 0x70, 0x61, 0x70, 0x64, 0x70, 0x76, 0x70, 0x2D, 0x70, 0x20, 0x70, 0x20, 0x70, 0x20, 0x70, 0x61,
    0x70, 0x6E, 0x70, 0x63, 0x70, 0x65, 0x70, 0x20, 0x70, 0x6F, 0x70, 0x6E, 0x70, 0x65, 0x70, 0x20, 0x70, 0x72, 0x70,
    0x6F, 0x70, 0x77, 0x70, 0x20, 0x70, 0x65, 0x70, 0x76, 0x70, 0x65, 0x70, 0x72, 0x70, 0x79, 0x70, 0x20, 0x70, 0x74,
    0x70, 0x69, 0x70, 0x6D, 0x70, 0x65, 0x70, 0x20, 0x70, 0x74, 0x70, 0x68, 0x70, 0x65, 0x70, 0x20, 0x70, 0x20, 0x70,
    0x20, 0x70, 0x69, 0x70, 0x6E, 0x70, 0x73, 0x70, 0x74, 0x70, 0x72, 0x70, 0x75, 0x70, 0x6D, 0x70, 0x65, 0x70, 0x6E,
    0x70, 0x74, 0x70, 0x20, 0x70, 0x69, 0x70, 0x73, 0x70, 0x20, 0x70, 0x74, 0x70, 0x72, 0x70, 0x69, 0x70, 0x67, 0x70,
    0x67, 0x70, 0x65, 0x70, 0x72, 0x70, 0x65, 0x70, 0x64, 0x70, 0x2C, 0x70, 0x20, 0x70, 0x61, 0x70, 0x6E, 0x70, 0x64,
    0x70, 0x20, 0x70, 0x20, 0x70, 0x65, 0x70, 0x78, 0x70, 0x65, 0x70, 0x63, 0x70, 0x75, 0x70, 0x74, 0x70, 0x65, 0x70,
    0x20, 0x70, 0x6F, 0x70, 0x6E, 0x70, 0x6C, 0x70, 0x79, 0x70, 0x20, 0x70, 0x74, 0x70, 0x68, 0x70, 0x65, 0x70, 0x20,
    0x70, 0x63, 0x70, 0x6F, 0x70, 0x6D, 0x70, 0x6D, 0x70, 0x61, 0x70, 0x6E, 0x70, 0x64, 0x70, 0x73, 0x70, 0x20, 0x70,
    0x6F, 0x70, 0x6E, 0x70, 0x20, 0x70, 0x20, 0x70, 0x74, 0x70, 0x68, 0x70, 0x65, 0x70, 0x20, 0x70, 0x6E, 0x70, 0x65,
    0x70, 0x77, 0x70, 0x20, 0x70, 0x72, 0x70, 0x6F, 0x70, 0x77, 0x70, 0x73, 0x70, 0x2E, 0x70, 0x20, 0x70, 0x49, 0x70,
    0x66, 0x70, 0x20, 0x70, 0x74, 0x70, 0x68, 0x70, 0x69, 0x70, 0x73, 0x70, 0x20, 0x70, 0x69, 0x70, 0x73, 0x70, 0x20,
    0x70, 0x4F, 0x70, 0x66, 0x70, 0x66, 0x70, 0x20, 0x70, 0x20, 0x70, 0x74, 0x70, 0x61, 0x70, 0x62, 0x70, 0x6C, 0x70,
    0x65, 0x70, 0x20, 0x70, 0x62, 0x70, 0x65, 0x70, 0x68, 0x70, 0x61, 0x70, 0x76, 0x70, 0x69, 0x70, 0x6F, 0x70, 0x72,
    0x70, 0x20, 0x70, 0x69, 0x70, 0x73, 0x70, 0x20, 0x70, 0x6E, 0x70, 0x6F, 0x70, 0x72, 0x70, 0x6D, 0x70, 0x61, 0x70,
    0x6C, 0x70, 0x20, 0x70, 0x20, 0x70, 0x20, 0x70, 0x20, 0x70, 0x20, 0x70, 0x20, 0x70, 0x28, 0x70, 0x70, 0x70, 0x6C,
    0x70, 0x61, 0x70, 0x79, 0x70, 0x20, 0x70, 0x61, 0x70, 0x72, 0x70, 0x72, 0x70, 0x6F, 0x70, 0x77, 0x70, 0x73, 0x70,
    0x20, 0x70, 0x77, 0x70, 0x69, 0x70, 0x6C, 0x70, 0x6C, 0x70, 0x20, 0x70, 0x6D, 0x70, 0x6F, 0x70, 0x76, 0x70, 0x65,
    0x70, 0x20, 0x70, 0x61, 0x70, 0x74, 0x70, 0x20, 0x70, 0x20, 0x70, 0x20, 0x70, 0x20, 0x70, 0x20, 0x70, 0x74, 0x70,
    0x68, 0x70, 0x65, 0x70, 0x20, 0x70, 0x73, 0x70, 0x70, 0x70, 0x65, 0x70, 0x65, 0x70, 0x64, 0x70, 0x20, 0x70, 0x6F,
    0x70, 0x66, 0x70, 0x20, 0x70, 0x31, 0x70, 0x20, 0x70, 0x72, 0x70, 0x6F, 0x70, 0x77, 0x70, 0x20, 0x70, 0x70, 0x70,
    0x65, 0x70, 0x72, 0x70, 0x20, 0x70, 0x74, 0x70, 0x69, 0x70, 0x63, 0x70, 0x6B, 0x70, 0x29, 0x70, 0x20, 0x70, 0x20,
    0x70, 0x20, 0x70, 0x20, 0x70, 0x20, 0x70, 0x20, 0x70, 0x20, 0x70, 0x20, 0x70, 0x20, 0x70, 0x20, 0x70, 0x20, 0x70,
    0x20, 0x70, 0x20, 0x70, 0x20, 0x70, 0x20, 0x70, 0x20, 0x70, 0x20, 0x70, 0x20, 0x70, 0x20, 0x70, 0x20, 0x70, 0x20,
    0x70, 0x20, 0x70, 0x20, 0x70, 0x20, 0x70, 0x20, 0x70, 0x20, 0x70, 0x20, 0x70, 0x20, 0x70, 0x20, 0x70, 0x20, 0xF0,
    0x54, 0xF0, 0x41, 0xF0, 0x42, 0xF0, 0x4C, 0xF0, 0x45, 0x70, 0x20, 0x70, 0x20, 0x70, 0x41, 0x70, 0x73, 0x70, 0x20,
    0x70, 0x61, 0x70, 0x62, 0x70, 0x6F, 0x70, 0x76, 0x70, 0x65, 0x70, 0x2C, 0x70, 0x20, 0x70, 0x73, 0x70, 0x65, 0x70,
    0x6C, 0x70, 0x65, 0x70, 0x63, 0x70, 0x74, 0x70, 0x20, 0x70, 0x61, 0x70, 0x20, 0x70, 0x20, 0x70, 0x20, 0x70, 0x20,
    0x70, 0x20, 0x70, 0x20, 0x70, 0x20, 0x70, 0x74, 0x70, 0x61, 0x70, 0x62, 0x70, 0x6C, 0x70, 0x65, 0x70, 0x20, 0x70,
    0x74, 0x70, 0x68, 0x70, 0x65, 0x70, 0x20, 0x70, 0x69, 0x70, 0x6E, 0x70, 0x73, 0x70, 0x74, 0x70, 0x72, 0x70, 0x75,
    0x70, 0x6D, 0x70, 0x65, 0x70, 0x6E, 0x70, 0x74, 0x70, 0x20, 0x70, 0x77, 0x70, 0x69, 0x70, 0x6C, 0x70, 0x6C, 0x70,
    0x20, 0x70, 0x20, 0x70, 0x20, 0x70, 0x20, 0x70, 0x20, 0x70, 0x61, 0x70, 0x6C, 0x70, 0x77, 0x70, 0x61, 0x70, 0x79,
    0x70, 0x73, 0x70, 0x20, 0x70, 0x72, 0x70, 0x75, 0x70, 0x6E, 0x70, 0x2E, 0x70, 0x20, 0x70, 0x43, 0x70, 0x6C, 0x70,
    0x6F, 0x70, 0x6E, 0x70, 0x65, 0x70, 0x20, 0x70, 0x61, 0x70, 0x20, 0x70, 0x74, 0x70, 0x61, 0x70, 0x62, 0x70, 0x6C,
    0x70, 0x65, 0x70, 0x20, 0x70, 0x20, 0x70, 0x20, 0x70, 0x20, 0x70, 0x20, 0x70, 0x68, 0x70, 0x65, 0x70, 0x72, 0x70,
    0x65, 0x70, 0x3A, 0x70, 0x20, 0xF0, 0x41, 0xF0, 0x4C, 0xF0, 0x54, 0xF0, 0x20, 0xF0, 0x2B, 0xF0, 0x20, 0xF0, 0x28,
    0xF0, 0x45, 0xF0, 0x44, 0xF0, 0x49, 0xF0, 0x54, 0xF0, 0x2C, 0xF0, 0x20, 0xF0, 0x45, 0xF0, 0x4E, 0xF0, 0x54, 0xF0,
    0x45, 0xF0, 0x52, 0xF0, 0x29, 0x70, 0x2E, 0x70, 0x20, 0x70, 0x20, 0x70, 0x20, 0x70, 0x20, 0x70, 0x4D, 0x70, 0x61,
    0x70, 0x6B, 0x70, 0x65, 0x70, 0x20, 0x70, 0x61, 0x70, 0x20, 0x70, 0x6E, 0x70, 0x65, 0x70, 0x77, 0x70, 0x20, 0x70,
    0x74, 0x70, 0x61, 0x70, 0x62, 0x70, 0x6C, 0x70, 0x65, 0x70, 0x20, 0x70, 0x62, 0x70, 0x79, 0x70, 0x20, 0x70, 0x73,
    0x70, 0x65, 0x70, 0x6C, 0x70, 0x65, 0x70, 0x63, 0x70, 0x2D, 0x70, 0x20, 0x70, 0x20, 0x70, 0x20, 0x70, 0x20, 0x70,
    0x74, 0x70, 0x69, 0x70, 0x6E, 0x70, 0x67, 0x70, 0x20, 0x70, 0x61, 0x70, 0x20, 0x70, 0x68, 0x70, 0x69, 0x70, 0x67,
    0x70, 0x68, 0x70, 0x65, 0x70, 0x72, 0x70, 0x20, 0x70, 0x6E, 0x70, 0x75, 0x70, 0x6D, 0x70, 0x62, 0x70, 0x65, 0x70,
    0x72, 0x70, 0x20, 0x70, 0x6E, 0x70, 0x6F, 0x70, 0x74, 0x70, 0x20, 0x70, 0x79, 0x70, 0x65, 0x70, 0x74, 0x70, 0x20,
    0x70, 0x20, 0x70, 0x69, 0x70, 0x6E, 0x70, 0x20, 0x70, 0x75, 0x70, 0x73, 0x70, 0x65, 0x70, 0x20, 0x70, 0x20, 0x70,
    0x20, 0x70, 0x20, 0x70, 0x20, 0x70, 0x20, 0x70, 0x20, 0x70, 0x20, 0x70, 0x20, 0x70, 0x20, 0x70, 0x20, 0x70, 0x20,
    0x70, 0x20, 0x70, 0x20, 0x70, 0x20, 0x70, 0x20, 0x70, 0x20, 0x70, 0x20, 0x70, 0x20, 0x70, 0x20, 0x70, 0x20, 0x70,
    0x20,
};

static const uint8_t DOC_BUTTONS[] = {
    0xF9, 0x42, 0xF9, 0x55, 0xF9, 0x54, 0xF9, 0x54, 0xF9, 0x4F, 0xF9, 0x4E, 0xF9, 0x53, 0xF9, 0x20, 0xF9, 0x26, 0xF9,
    0x20, 0xF9, 0x43, 0xF9, 0x4F, 0xF9, 0x4D, 0xF9, 0x42, 0xF9, 0x4F, 0xF9, 0x53, 0xF9, 0x20, 0xF9, 0x20, 0xF9, 0x20,
    0xF9, 0x20, 0xF9, 0x20, 0xF9, 0x20, 0xF9, 0x20, 0xF9, 0x20, 0xF9, 0x20, 0xF9, 0x20, 0xF9, 0x20, 0xF9, 0x20, 0xF9,
    0x20, 0xF9, 0x20, 0x70, 0x20, 0x70, 0x20, 0x70, 0x20, 0x70, 0x20, 0x70, 0x20, 0x70, 0x20, 0x70, 0x20, 0x70, 0x20,
    0x70, 0x20, 0x70, 0x20, 0x70, 0x20, 0x70, 0x20, 0x70, 0x20, 0x70, 0x20, 0x70, 0x20, 0x70, 0x20, 0x70, 0x20, 0x70,
    0x20, 0x70, 0x20, 0x70, 0x20, 0x70, 0x20, 0x70, 0x20, 0x70, 0x20, 0x70, 0x20, 0x70, 0x20, 0x70, 0x20, 0x70, 0x20,
    0x70, 0x20, 0x70, 0x20, 0xF0, 0x20, 0x70, 0x20, 0x00, 0x20, 0x00, 0x20, 0x00, 0x20, 0x00, 0x20, 0x00, 0x20, 0x70,
    0xDA, 0x70, 0xC4, 0x70, 0xBF, 0x70, 0xDA, 0x70, 0xC4, 0x70, 0xBF, 0x70, 0x20, 0x70, 0x20, 0xF0, 0x3E, 0xF0, 0x20,
    0xF0, 0x50, 0xF0, 0x6C, 0xF0, 0x61, 0xF0, 0x79, 0xF0, 0x20, 0xF0, 0x20, 0xF0, 0x20, 0xF0, 0x20, 0xF0, 0x20, 0xF0,
    0x20, 0xF0, 0x20, 0xF0, 0x20, 0xF0, 0x20, 0x70, 0x20, 0x70, 0x20, 0x70, 0x20, 0x70, 0x20, 0x70, 0xDA, 0x70, 0xC4,
    0x70, 0xBF, 0x70, 0xB3, 0xF0, 0x3E, 0x70, 0xB3, 0x70, 0xB3, 0xF0, 0x45, 0x70, 0xB3, 0x70, 0x20, 0x70, 0x20, 0xF0,
    0x20, 0xF0, 0x20, 0xF0, 0x20, 0xF0, 0x20, 0xF0, 0x20, 0xF0, 0x20, 0xF0, 0x20, 0xF0, 0x20, 0xF0, 0x20, 0xF0, 0x20,
    0xF0, 0x20, 0xF0, 0x20, 0xF0, 0x20, 0xF0, 0x20, 0xF0, 0x20, 0x70, 0x20, 0x70, 0x20, 0x70, 0x20, 0x70, 0x20, 0x70,
    0xB3, 0xF0, 0x5E, 0x70, 0xB3, 0x70, 0xC0, 0x70, 0xC4, 0x70, 0xD9, 0x70, 0xC0, 0x70, 0xC4, 0x70, 0xD9, 0x70, 0x20,
    0x70, 0x20, 0xF0, 0x45, 0xF0, 0x20, 0xF0, 0x45, 0xF0, 0x64, 0xF0, 0x69, 0xF0, 0x74, 0xF0, 0x20, 0xF0, 0x20, 0xF0,
    0x20, 0xF0, 0x20, 0xF0, 0x20, 0xF0, 0x20, 0xF0, 0x20, 0xF0, 0x20, 0xF0, 0x20, 0x70, 0x20, 0x70, 0x20, 0x70, 0xDA,
    0x70, 0xC4, 0x70, 0xD9, 0x70, 0x20, 0x70, 0xC0, 0x70, 0xC4, 0x70, 0xBF, 0x70, 0x20, 0x70, 0xDA, 0x70, 0xC4, 0x70,
    0xBF, 0x70, 0x20, 0x70, 0x20, 0xF0, 0x20, 0xF0, 0x20, 0xF0, 0x20, 0xF0, 0x20, 0xF0, 0x20, 0xF0, 0x20, 0xF0, 0x20,
    0xF0, 0x20, 0xF0, 0x20, 0xF0, 0x20, 0xF0, 0x20, 0xF0, 0x20, 0xF0, 0x20, 0xF0, 0x20, 0xF0, 0x20, 0x70, 0x20, 0x70,
    0x20, 0x70, 0xB3, 0xF0, 0x3C, 0x70, 0x20, 0x70, 0x20, 0x70, 0x20, 0xF0, 0x3E, 0x70, 0xB3, 0x70, 0x20, 0x70, 0xB3,
    0xF0, 0x52, 0x70, 0xB3, 0x70, 0x20, 0x70, 0x20, 0xF0, 0x52, 0xF0, 0x20, 0xF0, 0x52, 0xF0, 0x65, 0xF0, 0x74, 0xF0,
    0x75, 0xF0, 0x72, 0xF0, 0x6E, 0xF0, 0x20, 0xF0, 0x20, 0xF0, 0x20, 0xF0, 0x20, 0xF0, 0x20, 0xF0, 0x20, 0xF0, 0x20,
    0x70, 0x20, 0x70, 0x20, 0x70, 0xC0, 0x70, 0xC4, 0x70, 0xBF, 0x70, 0x20, 0x70, 0xDA, 0x70, 0xC4, 0x70, 0xD9, 0x70,
    0x20, 0x70, 0xC0, 0x70, 0xC4, 0x70, 0xD9, 0x70, 0x20, 0x70, 0x20, 0xF0, 0x20, 0xF0, 0x20, 0xF0, 0x20, 0xF0, 0x20,
    0xF0, 0x20, 0xF0, 0x20, 0xF0, 0x20, 0xF0, 0x20, 0xF0, 0x20, 0xF0, 0x20, 0xF0, 0x20, 0xF0, 0x20, 0xF0, 0x20, 0xF0,
    0x20, 0xF0, 0x20, 0x70, 0x20, 0x70, 0x20, 0x70, 0x20, 0x70, 0x20, 0x70, 0xB3, 0xF0, 0x76, 0x70, 0xB3, 0x70, 0xDA,
    0x70, 0xC4, 0x70, 0xBF, 0x70, 0xDA, 0x70, 0xC4, 0x70, 0xBF, 0x70, 0x20, 0x70, 0x20, 0xF0, 0x4E, 0xF0, 0x20, 0xF0,
    0x4E, 0xF0, 0x61, 0xF0, 0x76, 0xF0, 0x69, 0xF0, 0x67, 0xF0, 0x61, 0xF0, 0x74, 0xF0, 0x65, 0xF0, 0x20, 0xF0, 0x20,
    0xF0, 0x20, 0xF0, 0x20, 0xF0, 0x20, 0x70, 0x20, 0x70, 0x20, 0x70, 0x20, 0x70, 0x20, 0x70, 0xC0, 0x70, 0xC4, 0x70,
    0xD9, 0x70, 0xB3, 0xF0, 0x41, 0x70, 0xB3, 0x70, 0xB3, 0xF0, 0x4E, 0x70, 0xB3, 0x70, 0x20, 0x70, 0x20, 0xF0, 0x20,
    0xF0, 0x20, 0xF0, 0x20, 0xF0, 0x20, 0xF0, 0x20, 0xF0, 0x20, 0xF0, 0x20, 0xF0, 0x20, 0xF0, 0x20, 0xF0, 0x20, 0xF0,
    0x20, 0xF0, 0x20, 0xF0, 0x20, 0xF0, 0x20, 0xF0, 0x20, 0x70, 0x20, 0x70, 0x20, 0x70, 0x20, 0x70, 0x20, 0x70, 0x20,
    0x70, 0x20, 0x70, 0x20, 0x70, 0xC0, 0x70, 0xC4, 0x70, 0xD9, 0x70, 0xC0, 0x70, 0xC4, 0x70, 0xD9, 0x70, 0x20, 0x70,
    0x20, 0xF0, 0x41, 0xF0, 0x20, 0xF0, 0x41, 0xF0, 0x6C, 0xF0, 0x74, 0xF0, 0x65, 0xF0, 0x72, 0xF0, 0x6E, 0xF0, 0x61,
    0xF0, 0x74, 0xF0, 0x65, 0xF0, 0x20, 0xF0, 0x20, 0xF0, 0x20, 0xF0, 0x20, 0xF0, 0x20, 0x70, 0x20, 0x70, 0x20, 0x70,
    0x20, 0x70, 0x20, 0x70, 0x20, 0x70, 0x20, 0x70, 0x20, 0x70, 0x20, 0x70, 0x20, 0x70, 0x20, 0x70, 0x20, 0x70, 0x20,
    0x70, 0x20, 0x70, 0x20, 0xF0, 0x20, 0xF0, 0x20, 0xF0, 0x20, 0xF0, 0x20, 0xF0, 0x20, 0xF0, 0x20, 0xF0, 0x20, 0xF0,
    0x20, 0xF0, 0x20, 0xF0, 0x20, 0xF0, 0x20, 0xF0, 0x20, 0xF0, 0x20, 0xF0, 0x20, 0xF0, 0x20, 0xF0, 0x20, 0x70, 0x20,
    0x70, 0x20, 0x70, 0x20, 0x70, 0x20, 0x70, 0x20, 0x70, 0x20, 0x70, 0x20, 0x70, 0x20, 0x70, 0x20, 0x70, 0x20, 0x70,
    0x20, 0x70, 0x20, 0x70, 0x20, 0x70, 0x20, 0x70, 0x20, 0x70, 0x20, 0x70, 0x20, 0x70, 0x20, 0x70, 0x20, 0x70, 0x20,
    0x70, 0x20, 0x70, 0x20, 0x70, 0x20, 0x70, 0x20, 0x70, 0x20, 0x70, 0x20, 0x70, 0x20, 0x70, 0x20, 0x70, 0x20, 0x70,
    0x20, 0x70, 0x63, 0x70, 0x69, 0x70, 0x6C, 0x70, 0x6C, 0x70, 0x75, 0x70, 0x6D, 0x70, 0x20, 0x70, 0x64, 0x70, 0x6F,
    0x70, 0x6C, 0x70, 0x6F, 0x70, 0x72, 0x70, 0x65, 0x70, 0x20, 0x70, 0x65, 0x70, 0x75, 0x70, 0x20, 0x70, 0x66, 0x70,
    0x75, 0x70, 0x67, 0x70, 0x69, 0x70, 0x61, 0x70, 0x74, 0x70, 0x20, 0x70, 0x20, 0x70, 0x20, 0x70, 0x20, 0x70, 0x20,
    0x70, 0x20, 0x70, 0x20, 0x70, 0x6E, 0x70, 0x75, 0x70, 0x6C, 0x70, 0x6C, 0x70, 0x61, 0x70, 0x20, 0x70, 0x70, 0x70,
    0x61, 0x70, 0x72, 0x70, 0x69, 0x70, 0x61, 0x70, 0x74, 0x70, 0x75, 0x70, 0x72, 0x70, 0x2E, 0x70, 0x20, 0x70, 0x45,
    0x70, 0x78, 0x70, 0x63, 0x70, 0x65, 0x70, 0x70, 0x70, 0x74, 0x70, 0x65, 0x70, 0x75, 0x70, 0x72, 0x70, 0x20, 0x70,
    0x20, 0x70, 0x20, 0x70, 0x20, 0x70, 0x20, 0x70, 0x73, 0x70, 0x69, 0x70, 0x6E, 0x70, 0x74, 0x70, 0x20, 0x70, 0x6F,
    0x70, 0x63, 0x70, 0x63, 0x70, 0x61, 0x70, 0x65, 0x70, 0x63, 0x70, 0x61, 0x70, 0x74, 0x70, 0x20, 0x70, 0x63, 0x70,
    0x75, 0x70, 0x70, 0x70, 0x69, 0x70, 0x64, 0x70, 0x61, 0x70, 0x74, 0x70, 0x61, 0x70, 0x74, 0x70, 0x20, 0x70, 0x6E,
    0x70, 0x6F, 0x70, 0x6E, 0x70, 0x20, 0x70, 0x20, 0x70, 0x20, 0x70, 0x70, 0x70, 0x72, 0x70, 0x6F, 0x70, 0x69, 0x70,
    0x64, 0x70, 0x65, 0x70, 0x6E, 0x70, 0x74, 0x70, 0x2C, 0x70, 0x20, 0x70, 0x73, 0x70, 0x75, 0x70, 0x6E, 0x70, 0x74,
    0x70, 0x20, 0x70, 0x69, 0x70, 0x6E, 0x70, 0x20, 0x70, 0x63, 0x70, 0x75, 0x70, 0x6C, 0x70, 0x70, 0x70, 0x61, 0x70,
    0x20, 0x70, 0x71, 0x70, 0x75, 0x70, 0x69, 0x70, 0x20, 0x70, 0x20, 0x70, 0x20, 0x70, 0x6F, 0x70, 0x66, 0x70, 0x66,
    0x70, 0x69, 0x70, 0x63, 0x70, 0x69, 0x70, 0x61, 0x70, 0x20, 0x70, 0x64, 0x70, 0x65, 0x70, 0x73, 0x70, 0x65, 0x70,
    0x72, 0x70, 0x75, 0x70, 0x6E, 0x70, 0x74, 0x70, 0x20, 0x70, 0x6D, 0x70, 0x6F, 0x70, 0x6C, 0x70, 0x6C, 0x70, 0x69,
    0x70, 0x74, 0x70, 0x20, 0x70, 0x61, 0x70, 0x6E, 0x70, 0x69, 0x70, 0x6D, 0x70, 0x20, 0x70, 0x20, 0x70, 0x69, 0x70,
    0x64, 0x70, 0x20, 0x70, 0x65, 0x70, 0x73, 0x70, 0x74, 0x70, 0x20, 0x70, 0x6C, 0x70, 0x61, 0x70, 0x62, 0x70, 0x6F,
    0x70, 0x72, 0x70, 0x75, 0x70, 0x6D, 0x70, 0x2E, 0x70, 0x20, 0x70, 0x4C, 0x70, 0x6F, 0x70, 0x72, 0x70, 0x65, 0x70,
    0x6D, 0x70, 0x20, 0x70, 0x69, 0x70, 0x70, 0x70, 0x73, 0x70, 0x75, 0x70, 0x6D, 0x70, 0x20, 0x70, 0x20, 0x70, 0x20,
    0x70, 0x64, 0x70, 0x6F, 0x70, 0x6C, 0x70, 0x6F, 0x70, 0x72, 0x70, 0x20, 0x70, 0x73, 0x70, 0x69, 0x70, 0x74, 0x70,
    0x20, 0x70, 0x61, 0x70, 0x6D, 0x70, 0x65, 0x70, 0x74, 0x70, 0x2C, 0x70, 0x20, 0x70, 0x63, 0x70, 0x6F, 0x70, 0x6E,
    0x70, 0x73, 0x70, 0x65, 0x70, 0x63, 0x70, 0x74, 0x70, 0x65, 0x70, 0x74, 0x70, 0x75, 0x70, 0x72, 0x70, 0x20, 0x70,
    0x20, 0x70, 0x20, 0x70, 0x61, 0x70, 0x64, 0x70, 0x69, 0x70, 0x70, 0x70, 0x69, 0x70, 0x73, 0x70, 0x63, 0x70, 0x69,
    0x70, 0x6E, 0x70, 0x67, 0x70, 0x20, 0x70, 0x65, 0x70, 0x6C, 0x70, 0x69, 0x70, 0x74, 0x70, 0x2E, 0x70, 0x20, 0x70,
    0x53, 0x70, 0x65, 0x70, 0x64, 0x70, 0x20, 0x70, 0x64, 0x70, 0x6F, 0x70, 0x20, 0x70, 0x20, 0x70, 0x20, 0x70, 0x20,
    0x70, 0x20, 0x70, 0x20, 0x70, 0x20, 0x70, 0x65, 0x70, 0x69, 0x70, 0x75, 0x70, 0x73, 0x70, 0x6D, 0x70, 0x6F, 0x70,
    0x64, 0x70, 0x20, 0x70, 0x74, 0x70, 0x65, 0x70, 0x6D, 0x70, 0x70, 0x70, 0x6F, 0x70, 0x72, 0x70, 0x20, 0x70, 0x69,
    0x70, 0x6E, 0x70, 0x63, 0x70, 0x69, 0x70, 0x64, 0x70, 0x69, 0x70, 0x64, 0x70, 0x75, 0x70, 0x6E, 0x70, 0x74, 0x70,
    0x20, 0x70, 0x75, 0x70, 0x74, 0x70, 0x20, 0x70, 0x20, 0x70, 0x6C, 0x70, 0x61, 0x70, 0x62, 0x70, 0x6F, 0x70, 0x72,
    0x70, 0x65, 0x70, 0x20, 0x70, 0x65, 0x70, 0x74, 0x70, 0x20, 0x70, 0x64, 0x70, 0x6F, 0x70, 0x6C, 0x70, 0x6F, 0x70,
    0x72, 0x70, 0x65, 0x70, 0x20, 0x70, 0x6D, 0x70, 0x61, 0x70, 0x67, 0x70, 0x6E, 0x70, 0x61, 0x70, 0x20, 0x70, 0x20,
    0x70, 0x20, 0x70, 0x20, 0x70, 0x20, 0x70, 0x20, 0x70, 0x20, 0x70, 0x20, 0x70, 0x61, 0x70, 0x6C, 0x70, 0x69, 0x70,
    0x71, 0x70, 0x75, 0x70, 0x61, 0x70, 0x2E, 0x70, 0x20, 0x70, 0x55, 0x70, 0x74, 0x70, 0x20, 0x70, 0x65, 0x70, 0x6E,
    0x70, 0x69, 0x70, 0x6D, 0x70, 0x20, 0x70, 0x61, 0x70, 0x64, 0x70, 0x20, 0x70, 0x6D, 0x70, 0x69, 0x70, 0x6E, 0x70,
    0x69, 0x70, 0x6D, 0x70, 0x20, 0x70, 0x20, 0x70, 0x20, 0x70, 0x20, 0x70, 0x20, 0x70, 0x20, 0x70, 0x76, 0x70, 0x65,
    0x70, 0x6E, 0x70, 0x69, 0x70, 0x61, 0x70, 0x6D, 0x70, 0x2C, 0x70, 0x20, 0x70, 0x71, 0x70, 0x75, 0x70, 0x69, 0x70,
    0x73, 0x70, 0x20, 0x70, 0x6E, 0x70, 0x6F, 0x70, 0x73, 0x70, 0x74, 0x70, 0x72, 0x70, 0x75, 0x70, 0x64, 0x70, 0x20,
    0x70, 0x20, 0x70, 0x20, 0x70, 0x20, 0x70, 0x20, 0x70, 0x20, 0x70, 0x20, 0x70, 0x20, 0x70, 0x20, 0x70, 0x20, 0x70,
    0x65, 0x70, 0x78, 0x70, 0x65, 0x70, 0x72, 0x70, 0x63, 0x70, 0x69, 0x70, 0x74, 0x70, 0x61, 0x70, 0x74, 0x70, 0x69,
    0x70, 0x6F, 0x70, 0x6E, 0x70, 0x20, 0x70, 0x75, 0x70, 0x6C, 0x70, 0x6C, 0x70, 0x61, 0x70, 0x6D, 0x70, 0x63, 0x70,
    0x6F, 0x70, 0x20, 0x70, 0x6C, 0x70, 0x61, 0x70, 0x62, 0x70, 0x6F, 0x70, 0x72, 0x70, 0x69, 0x70, 0x73, 0x70, 0x20,
    0x70, 0x20, 0x70, 0x6E, 0x70, 0x69, 0x70, 0x73, 0x70, 0x69, 0x70, 0x20, 0x70, 0x75, 0x70, 0x74, 0x70, 0x20, 0x70,
    0x61, 0x70, 0x6C, 0x70, 0x69, 0x70, 0x71, 0x70, 0x75, 0x70, 0x69, 0x70, 0x70, 0x70, 0x20, 0x70, 0x65, 0x70, 0x78,
    0x70, 0x20, 0x70, 0x65, 0x70, 0x61, 0x70, 0x20, 0x70, 0x20, 0x70, 0x20, 0x70, 0x20, 0x70, 0x20, 0x70, 0x20, 0x70,
    0x20, 0x70, 0x20, 0x70, 0x20, 0x70, 0x63, 0x70, 0x6F, 0x70, 0x6D, 0x70, 0x6D, 0x70, 0x6F, 0x70, 0x64, 0x70, 0x6F,
    0x70, 0x20, 0x70, 0x63, 0x70, 0x6F, 0x70, 0x6E, 0x70, 0x73, 0x70, 0x65, 0x70, 0x71, 0x70, 0x75, 0x70, 0x61, 0x70,
    0x74, 0x70, 0x2E, 0x70, 0x20, 0x70, 0x44, 0x70, 0x75, 0x70, 0x69, 0x70, 0x73, 0x70, 0x20, 0x70, 0x61, 0x70, 0x75,
    0x70, 0x74, 0x70, 0x65, 0x70, 0x20, 0x70, 0x20, 0x70, 0x69, 0x70, 0x72, 0x70, 0x75, 0x70, 0x72, 0x70, 0x65, 0x70,
    0x20, 0x70, 0x64, 0x70, 0x6F, 0x70, 0x6C, 0x70, 0x6F, 0x70, 0x72, 0x70, 0x20, 0x70, 0x69, 0x70, 0x6E, 0x70, 0x20,
    0x70, 0x72, 0x70, 0x65, 0x70, 0x70, 0x70, 0x72, 0x70, 0x65, 0x70, 0x68, 0x70, 0x65, 0x70, 0x6E, 0x70, 0x64, 0x70,
    0x65, 0x70, 0x72, 0x70, 0x69, 0x70, 0x74, 0x70, 0x20, 0x70, 0x20, 0x70, 0x69, 0x70, 0x6E, 0x70, 0x20, 0x70, 0x76,
    0x70, 0x6F, 0x70, 0x6C, 0x70, 0x75, 0x70, 0x70, 0x70, 0x74, 0x70, 0x61, 0x70, 0x74, 0x70, 0x65, 0x70, 0x20, 0x70,
    0x76, 0x70, 0x65, 0x70, 0x6C, 0x70, 0x69, 0x70, 0x74, 0x70, 0x20, 0x70, 0x65, 0x70, 0x73, 0x70, 0x73, 0x70, 0x65,
    0x70, 0x20, 0x70, 0x20, 0x70, 0x20, 0x70, 0x20, 0x70, 0x20, 0x70, 0x20, 0x70, 0x20, 0x70, 0x63, 0x70, 0x69, 0x70,
    0x6C, 0x70, 0x6C, 0x70, 0x75, 0x70, 0x6D, 0x70, 0x20, 0x70, 0x64, 0x70, 0x6F, 0x70, 0x6C, 0x70, 0x6F, 0x70, 0x72,
    0x70, 0x65, 0x70, 0x20, 0x70, 0x65, 0x70, 0x75, 0x70, 0x20, 0x70, 0x66, 0x70, 0x75, 0x70, 0x67, 0x70, 0x69, 0x70,
    0x61, 0x70, 0x74, 0x70, 0x20, 0x70, 0x20, 0x70, 0x20, 0x70, 0x20, 0x70, 0x20, 0x70, 0x20, 0x70, 0x20, 0x70, 0x6E,
    0x70, 0x75, 0x70, 0x6C, 0x70, 0x6C, 0x70, 0x61, 0x70, 0x20, 0x70, 0x70, 0x70, 0x61, 0x70, 0x72, 0x70, 0x69, 0x70,
    0x61, 0x70, 0x74, 0x70, 0x75, 0x70, 0x72, 0x70, 0x2E, 0x70, 0x20, 0x70, 0x45, 0x70, 0x78, 0x70, 0x63, 0x70, 0x65,
    0x70, 0x70, 0x70, 0x74, 0x70, 0x65, 0x70, 0x75, 0x70, 0x72, 0x70, 0x20, 0x70, 0x20, 0x70, 0x20, 0x70, 0x20, 0x70,
    0x20, 0x70, 0x73, 0x70, 0x69, 0x70, 0x6E, 0x70, 0x74, 0x70, 0x20, 0x70, 0x6F, 0x70, 0x63, 0x70, 0x63, 0x70, 0x61,
    0x70, 0x65, 0x70, 0x63, 0x70, 0x61, 0x70, 0x74, 0x70, 0x20, 0x70, 0x63, 0x70, 0x75, 0x70, 0x70, 0x70, 0x69, 0x70,
    0x64, 0x70, 0x61, 0x70, 0x74, 0x70, 0x61, 0x70, 0x74, 0x70, 0x20, 0x70, 0x6E, 0x70, 0x6F, 0x70, 0x6E, 0x70, 0x20,
    0x70, 0x20, 0x70, 0x20, 0x70, 0x70, 0x70, 0x72, 0x70, 0x6F, 0x70, 0x69, 0x70, 0x64, 0x70, 0x65, 0x70, 0x6E, 0x70,
    0x74, 0x70, 0x2C, 0x70, 0x20, 0x70, 0x73, 0x70, 0x75, 0x70, 0x6E, 0x70, 0x74, 0x70, 0x20, 0x70, 0x69, 0x70, 0x6E,
    0x70, 0x20, 0x70, 0x63, 0x70, 0x75, 0x70, 0x6C, 0x70, 0x70, 0x70, 0x61, 0x70, 0x20, 0x70, 0x71, 0x70, 0x75, 0x70,
    0x69, 0x70, 0x20, 0x70, 0x20, 0x70, 0x20, 0x70, 0x6F, 0x70, 0x66, 0x70, 0x66, 0x70, 0x69, 0x70, 0x63, 0x70, 0x69,
    0x70, 0x61, 0x70, 0x20, 0x70, 0x64, 0x70, 0x65, 0x70, 0x73, 0x70, 0x65, 0x70, 0x72, 0x70, 0x75, 0x70, 0x6E, 0x70,
    0x74, 0x70, 0x20, 0x70, 0x6D, 0x70, 0x6F, 0x70, 0x6C, 0x70, 0x6C, 0x70, 0x69, 0x70, 0x74, 0x70, 0x20, 0x70, 0x61,
    0x70, 0x6E, 0x70, 0x69, 0x70, 0x6D, 0x70, 0x20, 0x70, 0x20, 0x70, 0x69, 0x70, 0x64, 0x70, 0x20, 0x70, 0x65, 0x70,
    0x73, 0x70, 0x74, 0x70, 0x20, 0x70, 0x6C, 0x70, 0x61, 0x70, 0x62, 0x70, 0x6F, 0x70, 0x72, 0x70, 0x75, 0x70, 0x6D,
    0x70, 0x2E, 0x70, 0x20, 0x70, 0x4C, 0x70, 0x6F, 0x70, 0x72, 0x70, 0x65, 0x70, 0x6D, 0x70, 0x20, 0x70, 0x69, 0x70,
    0x70, 0x70, 0x73, 0x70, 0x75, 0x70, 0x6D, 0x70, 0x20, 0x70, 0x20, 0x70, 0x20, 0x70, 0x64, 0x70, 0x6F, 0x70, 0x6C,
    0x70, 0x6F, 0x70, 0x72, 0x70, 0x20, 0x70, 0x73, 0x70, 0x69, 0x70, 0x74, 0x70, 0x20, 0x70, 0x61, 0x70, 0x6D, 0x70,
    0x65, 0x70, 0x74, 0x70, 0x2C, 0x70, 0x20, 0x70, 0x63, 0x70, 0x6F, 0x70, 0x6E, 0x70, 0x73, 0x70, 0x65, 0x70, 0x63,
    0x70, 0x74, 0x70, 0x65, 0x70, 0x74, 0x70, 0x75, 0x70, 0x72, 0x70, 0x20, 0x70, 0x20, 0x70, 0x20, 0x70, 0x61, 0x70,
    0x64, 0x70, 0x69, 0x70, 0x70, 0x70, 0x69, 0x70, 0x73, 0x70, 0x63, 0x70, 0x69, 0x70, 0x6E, 0x70, 0x67, 0x70, 0x20,
    0x70, 0x65, 0x70, 0x6C, 0x70, 0x69, 0x70, 0x74, 0x70, 0x2E, 0x70, 0x20, 0x70, 0x53, 0x70, 0x65, 0x70, 0x64, 0x70,
    0x20, 0x70, 0x64, 0x70, 0x6F, 0x70, 0x20, 0x70, 0x20, 0x70, 0x20, 0x70, 0x20, 0x70, 0x20, 0x70, 0x20, 0x70, 0x20,
    0x70, 0x65, 0x70, 0x69, 0x70, 0x75, 0x70, 0x73, 0x70, 0x6D, 0x70, 0x6F, 0x70, 0x64, 0x70, 0x20, 0x70, 0x74, 0x70,
    0x65, 0x70, 0x6D, 0x70, 0x70, 0x70, 0x6F, 0x70, 0x72, 0x70, 0x20, 0x70, 0x69, 0x70, 0x6E, 0x70, 0x63, 0x70, 0x69,
    0x70, 0x64, 0x70, 0x69, 0x70, 0x64, 0x70, 0x75, 0x70, 0x6E, 0x70, 0x74, 0x70, 0x20, 0x70, 0x75, 0x70, 0x74, 0x70,
    0x20, 0x70, 0x20, 0x70, 0x6C, 0x70, 0x61, 0x70, 0x62, 0x70, 0x6F, 0x70, 0x72, 0x70, 0x65, 0x70, 0x20, 0x70, 0x65,
    0x70, 0x74, 0x70, 0x20, 0x70, 0x64, 0x70, 0x6F, 0x70, 0x6C, 0x70, 0x6F, 0x70, 0x72, 0x70, 0x65, 0x70, 0x20, 0x70,
    0x6D, 0x70, 0x61, 0x70, 0x67, 0x70, 0x6E, 0x70, 0x61, 0x70, 0x20, 0x70, 0x20, 0x70, 0x20, 0x70, 0x20, 0x70, 0x20,
    0x70, 0x20, 0x70, 0x20, 0x70, 0x20, 0x70, 0x61, 0x70, 0x6C, 0x70, 0x69, 0x70, 0x71, 0x70, 0x75, 0x70, 0x61, 0x70,
    0x2E, 0x70, 0x20, 0x70, 0x55, 0x70, 0x74, 0x70, 0x20, 0x70, 0x65, 0x70, 0x6E, 0x70, 0x69, 0x70, 0x6D, 0x70, 0x20,
    0x70, 0x61, 0x70, 0x64, 0x70, 0x20, 0x70, 0x6D, 0x70, 0x69, 0x70, 0x6E, 0x70, 0x69, 0x70, 0x6D, 0x70, 0x20, 0x70,
    0x20, 0x70, 0x20, 0x70, 0x20, 0x70, 0x20, 0x70, 0x20, 0x70, 0x76, 0x70, 0x65, 0x70, 0x6E, 0x70, 0x69, 0x70, 0x61,
    0x70, 0x6D, 0x70, 0x2C, 0x70, 0x20, 0x70, 0x71, 0x70, 0x75, 0x70, 0x69, 0x70, 0x73, 0x70, 0x20, 0x70, 0x6E, 0x70,
    0x6F, 0x70, 0x73, 0x70, 0x74, 0x70, 0x72, 0x70, 0x75, 0x70, 0x64, 0x70, 0x20, 0x70, 0x20, 0x70, 0x20, 0x70, 0x20,
    0x70, 0x20, 0x70, 0x20, 0x70, 0x20, 0x70, 0x20, 0x70, 0x20, 0x70, 0x20, 0x70, 0x65, 0x70, 0x78, 0x70, 0x65, 0x70,
    0x72, 0x70, 0x63, 0x70, 0x69, 0x70, 0x74, 0x70, 0x61, 0x70, 0x74, 0x70, 0x69, 0x70, 0x6F, 0x70, 0x6E, 0x70, 0x20,
    0x70, 0x75, 0x70, 0x6C, 0x70, 0x6C, 0x70, 0x61, 0x70, 0x6D, 0x70, 0x63, 0x70, 0x6F, 0x70, 0x20, 0x70, 0x6C, 0x70,
    0x61, 0x70, 0x62, 0x70, 0x6F, 0x70, 0x72, 0x70, 0x69, 0x70, 0x73, 0x70, 0x20, 0x70, 0x20, 0x70, 0x6E, 0x70, 0x69,
    0x70, 0x73, 0x70, 0x69, 0x70, 0x20, 0x70, 0x75, 0x70, 0x74, 0x70, 0x20, 0x70, 0x61, 0x70, 0x6C, 0x70, 0x69, 0x70,
    0x71, 0x70, 0x75, 0x70, 0x69, 0x70, 0x70, 0x70, 0x20, 0x70, 0x65, 0x70, 0x78, 0x70, 0x20, 0x70, 0x65, 0x70, 0x61,
    0x70, 0x20, 0x70, 0x20, 0x70, 0x20, 0x70, 0x20, 0x70, 0x20, 0x70, 0x20, 0x70, 0x20, 0x70, 0x20, 0x70, 0x20, 0x70,
    0x63, 0x70, 0x6F, 0x70, 0x6D, 0x70, 0x6D, 0x70, 0x6F, 0x70, 0x64, 0x70, 0x6F, 0x70, 0x20, 0x70, 0x63, 0x70, 0x6F,
    0x70, 0x6E, 0x70, 0x73, 0x70, 0x65, 0x70, 0x71, 0x70, 0x75, 0x70, 0x61, 0x70, 0x74, 0x70, 0x2E, 0x70, 0x20, 0x70,
    0x44, 0x70, 0x75, 0x70, 0x69, 0x70, 0x73, 0x70, 0x20, 0x70, 0x61, 0x70, 0x75, 0x70, 0x74, 0x70, 0x65, 0x70, 0x20,
    0x70, 0x20, 0x70, 0x69, 0x70, 0x72, 0x70, 0x75, 0x70, 0x72, 0x70, 0x65, 0x70, 0x20, 0x70, 0x64, 0x70, 0x6F, 0x70,
    0x6C, 0x70, 0x6F, 0x70, 0x72, 0x70, 0x20, 0x70, 0x69, 0x70, 0x6E, 0x70, 0x20, 0x70, 0x72, 0x70, 0x65, 0x70, 0x70,
    0x70, 0x72, 0x70, 0x65, 0x70, 0x68, 0x70, 0x65, 0x70, 0x6E, 0x70, 0x64, 0x70, 0x65, 0x70, 0x72, 0x70, 0x69, 0x70,
    0x74, 0x70, 0x20, 0x70, 0x20, 0x70, 0x69, 0x70, 0x6E, 0x70, 0x20, 0x70, 0x76, 0x70, 0x6F, 0x70, 0x6C, 0x70, 0x75,
    0x70, 0x70, 0x70, 0x74, 0x70, 0x61, 0x70, 0x74, 0x70, 0x65, 0x70, 0x20, 0x70, 0x76, 0x70, 0x65, 0x70, 0x6C, 0x70,
    0x69, 0x70, 0x74, 0x70, 0x20, 0x70, 0x65, 0x70, 0x73, 0x70, 0x73, 0x70, 0x65, 0x70, 0x20, 0x70, 0x20, 0x70, 0x20,
    0x70, 0x20, 0x70, 0x20, 0x70, 0x20, 0x70, 0x20, 0x70, 0x63, 0x70, 0x69, 0x70, 0x6C, 0x70, 0x6C, 0x70, 0x75, 0x70,
    0x6D, 0x70, 0x20, 0x70, 0x64, 0x70, 0x6F, 0x70, 0x6C, 0x70, 0x6F, 0x70, 0x72, 0x70, 0x65, 0x70, 0x20, 0x70, 0x65,
    0x70, 0x75, 0x70, 0x20, 0x70, 0x66, 0x70, 0x75, 0x70, 0x67, 0x70, 0x69, 0x70, 0x61, 0x70, 0x74, 0x70, 0x20, 0x70,
    0x20, 0x70, 0x20, 0x70, 0x20, 0x70, 0x20, 0x70, 0x20, 0x70, 0x20, 0x70, 0x6E, 0x70, 0x75, 0x70, 0x6C, 0x70, 0x6C,
    0x70, 0x61, 0x70, 0x20, 0x70, 0x70, 0x70, 0x61, 0x70, 0x72, 0x70, 0x69, 0x70, 0x61, 0x70, 0x74, 0x70, 0x75, 0x70,
    0x72, 0x70, 0x2E, 0x70, 0x20, 0x70, 0x45, 0x70, 0x78, 0x70, 0x63, 0x70, 0x65, 0x70, 0x70, 0x70, 0x74, 0x70, 0x65,
    0x70, 0x75, 0x70, 0x72, 0x70, 0x20, 0x70, 0x20, 0x70, 0x20, 0x70, 0x20, 0x70, 0x20, 0x70, 0x73, 0x70, 0x69, 0x70,
    0x6E, 0x70, 0x74, 0x70, 0x20, 0x70, 0x6F, 0x70, 0x63, 0x70, 0x63, 0x70, 0x61, 0x70, 0x65, 0x70, 0x63, 0x70, 0x61,
    0x70, 0x74, 0x70, 0x20, 0x70, 0x63, 0x70, 0x75, 0x70, 0x70, 0x70, 0x69, 0x70, 0x64, 0x70, 0x61, 0x70, 0x74, 0x70,
    0x61, 0x70, 0x74, 0x70, 0x20, 0x70, 0x6E, 0x70, 0x6F, 0x70, 0x6E, 0x70, 0x20, 0x70, 0x20, 0x70, 0x20, 0x70, 0x70,
    0x70, 0x72, 0x70, 0x6F, 0x70, 0x69, 0x70, 0x64, 0x70, 0x65, 0x70, 0x6E, 0x70, 0x74, 0x70, 0x2C, 0x70, 0x20, 0x70,
    0x73, 0x70, 0x75, 0x70, 0x6E, 0x70, 0x74, 0x70, 0x20, 0x70, 0x69, 0x70, 0x6E, 0x70, 0x20, 0x70, 0x63, 0x70, 0x75,
    0x70, 0x6C, 0x70, 0x70, 0x70, 0x61, 0x70, 0x20, 0x70, 0x71, 0x70, 0x75, 0x70, 0x69, 0x70, 0x20, 0x70, 0x20, 0x70,
    0x20, 0x70, 0x6F, 0x70, 0x66, 0x70, 0x66, 0x70, 0x69, 0x70, 0x63, 0x70, 0x69, 0x70, 0x61, 0x70, 0x20, 0x70, 0x64,
    0x70, 0x65, 0x70, 0x73, 0x70, 0x65, 0x70, 0x72, 0x70, 0x75, 0x70, 0x6E, 0x70, 0x74, 0x70, 0x20, 0x70, 0x6D, 0x70,
    0x6F, 0x70, 0x6C, 0x70, 0x6C, 0x70, 0x69, 0x70, 0x74, 0x70, 0x20, 0x70, 0x61, 0x70, 0x6E, 0x70, 0x69, 0x70, 0x6D,
    0x70, 0x20, 0x70, 0x20, 0x70, 0x69, 0x70, 0x64, 0x70, 0x20, 0x70, 0x65, 0x70, 0x73, 0x70, 0x74, 0x70, 0x20, 0x70,
    0x6C, 0x70, 0x61, 0x70, 0x62, 0x70, 0x6F, 0x70, 0x72, 0x70, 0x75, 0x70, 0x6D, 0x70, 0x2E, 0x70, 0x20, 0x70, 0x4C,
    0x70, 0x6F, 0x70, 0x72, 0x70, 0x65, 0x70, 0x6D, 0x70, 0x20, 0x70, 0x69, 0x70, 0x70, 0x70, 0x73, 0x70, 0x75, 0x70,
    0x6D, 0x70, 0x20, 0x70, 0x20, 0x70, 0x20, 0x70, 0x64, 0x70, 0x6F, 0x70, 0x6C, 0x70, 0x6F, 0x70, 0x72, 0x70, 0x20,
    0x70, 0x73, 0x70, 0x69, 0x70, 0x74, 0x70, 0x20, 0x70, 0x61, 0x70, 0x6D, 0x70, 0x65, 0x70, 0x74, 0x70, 0x2C, 0x70,
    0x20, 0x70, 0x63, 0x70, 0x6F, 0x70, 0x6E, 0x70, 0x73, 0x70, 0x65, 0x70, 0x63, 0x70, 0x74, 0x70, 0x65, 0x70, 0x74,
    0x70, 0x75, 0x70, 0x72, 0x70, 0x20, 0x70, 0x20, 0x70, 0x20, 0x70, 0x61, 0x70, 0x64, 0x70, 0x69, 0x70, 0x70, 0x70,
    0x69, 0x70, 0x73, 0x70, 0x63, 0x70, 0x69, 0x70, 0x6E, 0x70, 0x67, 0x70, 0x20, 0x70, 0x65, 0x70, 0x6C, 0x70, 0x69,
    0x70, 0x74, 0x70, 0x2E, 0x70, 0x20, 0x70, 0x53, 0x70, 0x65, 0x70, 0x64, 0x70, 0x20, 0x70, 0x64, 0x70, 0x6F, 0x70,
    0x20, 0x70, 0x20, 0x70, 0x20, 0x70, 0x20, 0x70, 0x20, 0x70, 0x20, 0x70, 0x20, 0x70, 0x65, 0x70, 0x69, 0x70, 0x75,
    0x70, 0x73, 0x70, 0x6D, 0x70, 0x6F, 0x70, 0x64, 0x70, 0x20, 0x70, 0x74, 0x70, 0x65, 0x70, 0x6D, 0x70, 0x70, 0x70,
    0x6F, 0x70, 0x72, 0x70, 0x20, 0x70, 0x69, 0x70, 0x6E, 0x70, 0x63, 0x70, 0x69, 0x70, 0x64, 0x70, 0x69, 0x70, 0x64,
    0x70, 0x75, 0x70, 0x6E, 0x70, 0x74, 0x70, 0x20, 0x70, 0x75, 0x70, 0x74, 0x70, 0x20, 0x70, 0x20, 0x70, 0x6C, 0x70,
    0x61, 0x70, 0x62, 0x70, 0x6F, 0x70, 0x72, 0x70, 0x65, 0x70, 0x20, 0x70, 0x65, 0x70, 0x74, 0x70, 0x20, 0x70, 0x64,
    0x70, 0x6F, 0x70, 0x6C, 0x70, 0x6F, 0x70, 0x72, 0x70, 0x65, 0x70, 0x20, 0x70, 0x6D, 0x70, 0x61, 0x70, 0x67, 0x70,
    0x6E, 0x70, 0x61, 0x70, 0x20, 0x70, 0x20, 0x70, 0x20, 0x70, 0x20, 0x70, 0x20, 0x70, 0x20, 0x70, 0x20, 0x70, 0x20,
    0x70, 0x61, 0x70, 0x6C, 0x70, 0x69, 0x70, 0x71, 0x70, 0x75, 0x70, 0x61, 0x70, 0x2E, 0x70, 0x20, 0x70, 0x55, 0x70,
    0x74, 0x70, 0x20, 0x70, 0x65, 0x70, 0x6E, 0x70, 0x69, 0x70, 0x6D, 0x70, 0x20, 0x70, 0x61, 0x70, 0x64, 0x70, 0x20,
    0x70, 0x6D, 0x70, 0x69, 0x70, 0x6E, 0x70, 0x69, 0x70, 0x6D, 0x70, 0x20, 0x70, 0x20, 0x70, 0x20, 0x70, 0x20, 0x70,
    0x20, 0x70, 0x20,
};

static const uint8_t DOC_CREDITS[] = {
    0xF0, 0x20, 0xF0, 0x20, 0xF0, 0x20, 0xF0, 0x20, 0xF0, 0x20, 0xF0, 0x20, 0xF0, 0x20, 0xF0, 0x20, 0xF0, 0x20, 0xF0,
    0x20, 0xF0, 0x20, 0xF0, 0x20, 0xF0, 0x20, 0xF0, 0x20, 0xF0, 0x20, 0xF0, 0x20, 0xF0, 0x20, 0xF0, 0x20, 0xF0, 0x20,
    0xF0, 0x20, 0xF0, 0x20, 0xF0, 0x20, 0xF0, 0x20, 0xF0, 0x20, 0xF0, 0x20, 0xF0, 0x20, 0xF0, 0x20, 0xF0, 0x20, 0xF0,
    0x20, 0xF0, 0x20, 0xF0, 0x20, 0xF0, 0x20, 0xF0, 0x20, 0xF0, 0x20, 0xF0, 0x20, 0xF0, 0x01, 0xF0, 0x02, 0xF0, 0x03,
    0x00, 0x20, 0xF0, 0x63, 0xF0, 0x6F, 0xF0, 0x70, 0xF0, 0x69, 0xF0, 0x6E, 0xF0, 0x67, 0xF0, 0x54, 0xF0, 0x72, 0xF0,
    0x61, 0xF0, 0x63, 0xF0, 0x6B, 0xF0, 0x65, 0xF0, 0x72, 0xF0, 0x20, 0xF0, 0x20, 0xF0, 0x20, 0xF0, 0x20, 0x70, 0x20,
    0xF0, 0x20, 0xF0, 0x20, 0xF0, 0x20, 0x70, 0x20, 0x70, 0x20, 0xF0, 0x20, 0xF0, 0x20, 0xF0, 0x20, 0xF0, 0x04, 0xF0,
    0x05, 0xF0, 0x06, 0xF0, 0x20, 0xF0, 0x28, 0xF0, 0x63, 0xF0, 0x29, 0xF0, 0x20, 0xF0, 0x6E, 0xF0, 0x49, 0xF0, 0x4C,
    0xF0, 0x53, 0xF0, 0x20, 0xF0, 0x50, 0xF0, 0x6F, 0xF0, 0x64, 0xF0, 0x65, 0xF0, 0x77, 0xF0, 0x73, 0xF0, 0x6B, 0xF0,
    0x69, 0x70, 0x20, 0x70, 0x20, 0x70, 0x20, 0x70, 0x20, 0x70, 0x20, 0x70, 0x20, 0xF0, 0x20, 0xF0, 0x20, 0xF0, 0x20,
    0xF0, 0x07, 0xF0, 0x08, 0xF0, 0x09, 0xF0, 0x20, 0xF0, 0x20, 0xF0, 0x20, 0xF0, 0x20, 0xF0, 0x20, 0xF0, 0x20, 0xF0,
    0x20, 0xF0, 0x20, 0xF0, 0x20, 0xF0, 0x20, 0xF0, 0x20, 0xF0, 0x20, 0xF0, 0x20, 0xF0, 0x20, 0xF0, 0x20, 0xF0, 0x20,
    0xF0, 0x20, 0xF0, 0x20, 0x70, 0x20, 0x70, 0x20, 0x70, 0x20, 0x70, 0x20, 0xF0, 0x20, 0xF0, 0x20, 0xF0, 0x20, 0xF0,
    0x20, 0xF0, 0x20, 0xF0, 0x20, 0xF0, 0x20, 0xF0, 0x20, 0xF0, 0x20, 0xF0, 0x20, 0xF0, 0x20, 0xF0, 0x20, 0xF0, 0x20,
    0xF0, 0x20, 0xF0, 0x20, 0xF0, 0x20, 0xF0, 0x20, 0xF0, 0x20, 0xF0, 0x20, 0xF0, 0x20, 0xF0, 0x20, 0xF0, 0x20, 0xF0,
    0x20, 0xF0, 0x20, 0xF0, 0x20, 0xF0, 0x20, 0xF0, 0x20, 0xF0, 0x20, 0xF0, 0x20, 0xF0, 0x20, 0xF0, 0x20, 0x70, 0x63,
    0x70, 0x6F, 0x70, 0x70, 0x70, 0x69, 0x70, 0x6E, 0x70, 0x67, 0x70, 0x54, 0x70, 0x72, 0x70, 0x61, 0x70, 0x63, 0x70,
    0x6B, 0x70, 0x65, 0x70, 0x72, 0x70, 0x20, 0x70, 0x69, 0x70, 0x73, 0x70, 0x20, 0x70, 0x62, 0x70, 0x61, 0x70, 0x73,
    0x70, 0x65, 0x70, 0x64, 0x70, 0x20, 0x70, 0x6F, 0x70, 0x6E, 0x70, 0x20, 0x70, 0x20, 0x70, 0x20, 0x70, 0x20, 0xF0,
    0x20, 0x70, 0x70, 0x70, 0x69, 0x70, 0x63, 0x70, 0x6F, 0x70, 0x54, 0x70, 0x72, 0x70, 0x61, 0x70, 0x63, 0x70, 0x6B,
    0x70, 0x65, 0x70, 0x72, 0x70, 0x20, 0x70, 0x77, 0x70, 0x68, 0x70, 0x69, 0x70, 0x63, 0x70, 0x68, 0x70, 0x20, 0x70,
    0x69, 0x70, 0x73, 0x70, 0x20, 0x70, 0x62, 0x70, 0x61, 0x70, 0x73, 0x70, 0x65, 0x70, 0x64, 0x70, 0x20, 0x70, 0x6F,
    0x70, 0x6E, 0xF0, 0x20, 0x70, 0x6C, 0x70, 0x69, 0x70, 0x74, 0x70, 0x74, 0x70, 0x6C, 0x70, 0x65, 0x70, 0x20, 0x70,
    0x47, 0x70, 0x50, 0x70, 0x20, 0x70, 0x74, 0x70, 0x72, 0x70, 0x61, 0x70, 0x63, 0x70, 0x6B, 0x70, 0x65, 0x70, 0x72,
    0x70, 0x20, 0x70, 0x77, 0x70, 0x68, 0x70, 0x69, 0x70, 0x63, 0x70, 0x68, 0x70, 0x20, 0x70, 0x69, 0x70, 0x73, 0x70,
    0x20, 0x70, 0x20, 0x70, 0x20, 0xF0, 0x20, 0x70, 0x62, 0x70, 0x61, 0x70, 0x73, 0x70, 0x65, 0x70, 0x64, 0x70, 0x20,
    0x70, 0x6F, 0x70, 0x6E, 0x70, 0x20, 0x70, 0x4C, 0x70, 0x44, 0x70, 0x53, 0x70, 0x4A, 0x70, 0x2E, 0x70, 0x20, 0x70,
    0x20, 0x70, 0x20, 0x70, 0x20, 0x70, 0x20, 0x70, 0x20, 0x70, 0x20, 0x70, 0x20, 0x70, 0x20, 0x70, 0x20, 0x70, 0x20,
    0x70, 0x20, 0x70, 0x20, 0x70, 0x20, 0x70, 0x20, 0xF0, 0x20, 0x70, 0x20, 0x70, 0x20, 0x70, 0x20, 0x70, 0x20, 0x70,
    0x20, 0x70, 0x20, 0x70, 0x20, 0x70, 0x20, 0x70, 0x20, 0x70, 0x20, 0x70, 0x20, 0x70, 0x20, 0x70, 0x20, 0x70, 0x20,
    0x70, 0x20, 0x70, 0x20, 0x70, 0x20, 0x70, 0x20, 0x70, 0x20, 0x70, 0x20, 0x70, 0x20, 0x70, 0x20, 0x70, 0x20, 0x70,
    0x20, 0x70, 0x20, 0x70, 0x20, 0x70, 0x20, 0x70, 0x20, 0x70, 0x20, 0xF0, 0x20, 0xF0, 0x57, 0xF0, 0x57, 0xF0, 0x57,
    0xF0, 0x3A, 0xF0, 0x20, 0xF0, 0x20, 0xF0, 0x20, 0xF0, 0x20, 0xF0, 0x20, 0xF0, 0x20, 0xF0, 0x20, 0xF0, 0x20, 0xF0,
    0x20, 0xF0, 0x20, 0xF0, 0x20, 0xF0, 0x20, 0xF0, 0x20, 0xF0, 0x20, 0xF0, 0x20, 0xF0, 0x20, 0xF0, 0x20, 0xF0, 0x20,
    0xF0, 0x20, 0xF0, 0x20, 0xF0, 0x20, 0xF0, 0x20, 0xF0, 0x20, 0xF0, 0x20, 0xF0, 0x20, 0xF0, 0x20, 0x70, 0x70, 0x70,
    0x72, 0x70, 0x6F, 0x70, 0x70, 0x70, 0x73, 0x70, 0x2D, 0x70, 0x6E, 0x70, 0x6F, 0x70, 0x72, 0x70, 0x74, 0x70, 0x68,
    0x70, 0x2E, 0x70, 0x63, 0x70, 0x6F, 0x70, 0x6D, 0x70, 0x2F, 0x70, 0x63, 0x70, 0x6F, 0x70, 0x70, 0x70, 0x69, 0x70,
    0x6E, 0x70, 0x67, 0x70, 0x54, 0x70, 0x72, 0x70, 0x61, 0x70, 0x63, 0x70, 0x6B, 0x70, 0x65, 0x70, 0x72, 0xF0, 0x20,
    0x70, 0x20, 0x70, 0x20, 0x70, 0x20, 0x70, 0x20, 0x70, 0x20, 0x70, 0x20, 0x70, 0x20, 0x70, 0x20, 0x70, 0x20, 0x70,
    0x20, 0x70, 0x20, 0x70, 0x20, 0x70, 0x20, 0x70, 0x20, 0x70, 0x20, 0x70, 0x20, 0x70, 0x20, 0x70, 0x20, 0x70, 0x20,
    0x70, 0x20, 0x70, 0x20, 0x70, 0x20, 0x70, 0x20, 0x70, 0x20, 0x70, 0x20, 0x70, 0x20, 0x70, 0x20, 0x70, 0x20, 0x70,
    0x20, 0xF0, 0x20, 0xF0, 0x44, 0xF0, 0x49, 0xF0, 0x53, 0xF0, 0x43, 0xF0, 0x4F, 0xF0, 0x52, 0xF0, 0x44, 0xF0, 0x3A,
    0xF0, 0x20, 0xF0, 0x20, 0xF0, 0x20, 0xF0, 0x20, 0xF0, 0x20, 0xF0, 0x20, 0xF0, 0x20, 0xF0, 0x20, 0xF0, 0x20, 0xF0,
    0x20, 0xF0, 0x20, 0xF0, 0x20, 0xF0, 0x20, 0xF0, 0x20, 0xF0, 0x20, 0xF0, 0x20, 0xF0, 0x20, 0xF0, 0x20, 0xF0, 0x20,
    0xF0, 0x20, 0xF0, 0x20, 0xF0, 0x20, 0x70, 0x70, 0x70, 0x72, 0x70, 0x6F, 0x70, 0x70, 0x70, 0x73, 0x70, 0x2D, 0x70,
    0x6E, 0x70, 0x6F, 0x70, 0x72, 0x70, 0x74, 0x70, 0x68, 0x70, 0x2E, 0x70, 0x63, 0x70, 0x6F, 0x70, 0x6D, 0x70, 0x2F,
    0x70, 0x64, 0x70, 0x69, 0x70, 0x73, 0x70, 0x63, 0x70, 0x6F, 0x70, 0x72, 0x70, 0x64, 0x70, 0x20, 0x70, 0x20, 0x70,
    0x20, 0x70, 0x20, 0x70, 0x20, 0x70, 0x20, 0x70, 0x20, 0x70, 0x20, 0x70, 0x20, 0x70, 0x20, 0x70, 0x20, 0x70, 0x20,
    0x70, 0x20, 0x70, 0x20, 0x70, 0x20, 0x70, 0x20, 0x70, 0x20, 0x70, 0x20, 0x70, 0x20, 0x70, 0x20, 0x70, 0x20, 0x70,
    0x20, 0x70, 0x20, 0x70, 0x20, 0x70, 0x20, 0x70, 0x20, 0x70, 0x20, 0x70, 0x20, 0x70, 0x20, 0x70, 0x20, 0x70, 0x20,
    0x70, 0x20, 0x70, 0x20, 0x70, 0x20, 0x70, 0x20, 0x70, 0x20, 0x70, 0x20, 0xF0, 0x53, 0xF0, 0x4F, 0xF0, 0x55, 0xF0,
    0x52, 0xF0, 0x43, 0xF0, 0x45, 0xF0, 0x3A, 0x70, 0x20, 0x70, 0x20, 0x70, 0x20, 0x70, 0x20, 0x70, 0x20, 0x70, 0x20,
    0x70, 0x20, 0x70, 0x20, 0x70, 0x20, 0x70, 0x20, 0x70, 0x20, 0x70, 0x20, 0x70, 0x20, 0x70, 0x20, 0x70, 0x20, 0x70,
    0x20, 0x70, 0x20, 0x70, 0x20, 0x70, 0x20, 0x70, 0x20, 0x70, 0x20, 0x70, 0x20, 0x70, 0x20, 0x70, 0x67, 0x70, 0x69,
    0x70, 0x74, 0x70, 0x68, 0x70, 0x75, 0x70, 0x62, 0x70, 0x2E, 0x70, 0x63, 0x70, 0x6F, 0x70, 0x6D, 0x70, 0x2F, 0x70,
    0x6E, 0x70, 0x31, 0x70, 0x4C, 0x70, 0x53, 0x70, 0x2F, 0x70, 0x70, 0x70, 0x69, 0x70, 0x63, 0x70, 0x6F, 0x70, 0x54,
    0x70, 0x72, 0x70, 0x61, 0x70, 0x63, 0x70, 0x6B, 0x70, 0x65, 0x70, 0x72, 0x70, 0x20, 0x70, 0x20,
};

struct DocumentationPage {
  const char *title;
  const uint8_t *data;
  uint32_t size;
};

static const DocumentationPage documentation[docIdCount] = {
    {"General", DOC_GENERAL, sizeof(DOC_GENERAL)},
    {"Commands", DOC_COMMANDS, sizeof(DOC_COMMANDS)},
    {"Instruments", DOC_INSTRUMENTS, sizeof(DOC_INSTRUMENTS)},
    {"Buttons & Combos", DOC_BUTTONS, sizeof(DOC_BUTTONS)},
    {"Credits", DOC_CREDITS, sizeof(DOC_CREDITS)},
};
